phase,forum,keyword,title,link,snippet,score,creation_date,collected_at
PHASE 1A: BASELINE FORUMS,Bugzilla,JNI issue,Bug 912323: js-ctypes-jni issues on latest Nightly as of 20130903,https://bugzilla.mozilla.org/show_bug.cgi?id=912323,,0,2013-09-04,2026-06-18T21:52:59.699507
PHASE 1A: BASELINE FORUMS,Bugzilla,JNI issue,Bug 1780582: Work around android JNI generation issue in libwebrtc.,https://bugzilla.mozilla.org/show_bug.cgi?id=1780582,,0,2022-07-21,2026-06-18T21:52:59.699543
PHASE 1A: BASELINE FORUMS,Bugzilla,polyglot,Bug 1459078: [wpt-sync] Sync PR 10833 - Handle some html/js polyglots in CORB confirmation sniffing.,https://bugzilla.mozilla.org/show_bug.cgi?id=1459078,,0,2018-05-03,2026-06-18T21:53:11.435907
PHASE 1A: BASELINE FORUMS,Bugzilla,polyglot,Bug 1459733: [wpt-sync] Sync PR 10880 - Handle more html/js polyglots in CORB confirmation sniffing.,https://bugzilla.mozilla.org/show_bug.cgi?id=1459733,,0,2018-05-07,2026-06-18T21:53:11.435950
PHASE 1A: BASELINE FORUMS,Bugzilla,incompatibility,Bug 8957: Video card incompatibility problem?,https://bugzilla.mozilla.org/show_bug.cgi?id=8957,,0,1999-06-28,2026-06-18T21:53:16.086155
PHASE 1A: BASELINE FORUMS,Bugzilla,incompatibility,Bug 13656: Upgrade Autoconf to 2.13 to fix GCC 2.95.1 incompatibility,https://bugzilla.mozilla.org/show_bug.cgi?id=13656,,0,1999-09-13,2026-06-18T21:53:16.086192
PHASE 1A: BASELINE FORUMS,Bugzilla,incompatibility,Bug 19513: incompatibility with improved Mac OS file system,https://bugzilla.mozilla.org/show_bug.cgi?id=19513,,0,1999-11-22,2026-06-18T21:53:16.086198
PHASE 1A: BASELINE FORUMS,Bugzilla,incompatibility,"Bug 21618: JS ""var"" incompatibility due to ECMA changes",https://bugzilla.mozilla.org/show_bug.cgi?id=21618,,0,1999-12-13,2026-06-18T21:53:16.086203
PHASE 1A: BASELINE FORUMS,Bugzilla,incompatibility,Bug 39334: Kinsington Mouse driver incompatibility - scrolling,https://bugzilla.mozilla.org/show_bug.cgi?id=39334,,0,2000-05-15,2026-06-18T21:53:16.086209
PHASE 1A: BASELINE FORUMS,Bugzilla,incompatibility,Bug 39335: Kensington Mouse driver incompatibility - scrolling,https://bugzilla.mozilla.org/show_bug.cgi?id=39335,,0,2000-05-15,2026-06-18T21:53:16.086214
PHASE 1A: BASELINE FORUMS,Bugzilla,incompatibility,Bug 41864: ECMA function call incompatibility,https://bugzilla.mozilla.org/show_bug.cgi?id=41864,,0,2000-06-08,2026-06-18T21:53:16.086219
PHASE 1A: BASELINE FORUMS,Bugzilla,incompatibility,Bug 49643: Third Party Incompatibility,https://bugzilla.mozilla.org/show_bug.cgi?id=49643,,0,2000-08-21,2026-06-18T21:53:16.086225
PHASE 1A: BASELINE FORUMS,Bugzilla,incompatibility,Bug 49756: Mozilla not wrapping pages properly -- appears to be UBB code incompatibility,https://bugzilla.mozilla.org/show_bug.cgi?id=49756,,0,2000-08-22,2026-06-18T21:53:16.086230
PHASE 1A: BASELINE FORUMS,Bugzilla,incompatibility,Bug 49876: Incompatibility between auto-complete and search from address bar,https://bugzilla.mozilla.org/show_bug.cgi?id=49876,,0,2000-08-22,2026-06-18T21:53:16.086235
PHASE 1A: BASELINE FORUMS,Bugzilla,incompatibility,Bug 74324: Incompatibility issues with HTML tables created on NS4.7,https://bugzilla.mozilla.org/show_bug.cgi?id=74324,,0,2001-04-01,2026-06-18T21:53:16.086240
PHASE 1A: BASELINE FORUMS,Bugzilla,incompatibility,Bug 76512: Need dialog for failed theme switch due to version incompatibility,https://bugzilla.mozilla.org/show_bug.cgi?id=76512,,0,2001-04-18,2026-06-18T21:53:16.086246
PHASE 1A: BASELINE FORUMS,Bugzilla,incompatibility,Bug 83200: Incompatibility with libsafe  xpidl malfunction,https://bugzilla.mozilla.org/show_bug.cgi?id=83200,,0,2001-05-29,2026-06-18T21:53:16.086251
PHASE 1A: BASELINE FORUMS,Bugzilla,incompatibility,Bug 89668: Release Notes (1.0 ~ 1.3a) need info on theme incompatibility problem,https://bugzilla.mozilla.org/show_bug.cgi?id=89668,,0,2001-07-06,2026-06-18T21:53:16.086256
PHASE 1A: BASELINE FORUMS,Bugzilla,incompatibility,"Bug 100568: [fix] images in percentage-width table cell are not wrapping, causing gross incompatibility with IE and Nav on some pages",https://bugzilla.mozilla.org/show_bug.cgi?id=100568,,0,2001-09-19,2026-06-18T21:53:16.086261
PHASE 1A: BASELINE FORUMS,Bugzilla,incompatibility,Bug 130758: Incompatibility between tabbed browsing and mail,https://bugzilla.mozilla.org/show_bug.cgi?id=130758,,0,2002-03-14,2026-06-18T21:53:16.086267
PHASE 1A: BASELINE FORUMS,Bugzilla,incompatibility,Bug 134662: MDN:Receipt incompatibility with IncrediMail e-mail program,https://bugzilla.mozilla.org/show_bug.cgi?id=134662,,0,2002-04-01,2026-06-18T21:53:16.086272
PHASE 1A: BASELINE FORUMS,Bugzilla,incompatibility,Bug 148300: Okidate Laser Printer Incompatibility,https://bugzilla.mozilla.org/show_bug.cgi?id=148300,,0,2002-05-31,2026-06-18T21:53:16.086278
PHASE 1A: BASELINE FORUMS,Bugzilla,incompatibility,Bug 150225: Carbon Java Plugin Incompatibility,https://bugzilla.mozilla.org/show_bug.cgi?id=150225,,0,2002-06-08,2026-06-18T21:53:16.086283
PHASE 1A: BASELINE FORUMS,Bugzilla,incompatibility,Bug 150239: Adobe PDF Writer incompatibility,https://bugzilla.mozilla.org/show_bug.cgi?id=150239,,0,2002-06-08,2026-06-18T21:53:16.086288
PHASE 1A: BASELINE FORUMS,Bugzilla,incompatibility,Bug 154013: Browser incompatibility?,https://bugzilla.mozilla.org/show_bug.cgi?id=154013,,0,2002-06-24,2026-06-18T21:53:16.086294
PHASE 1A: BASELINE FORUMS,Bugzilla,incompatibility,Bug 164241: fileutils incompatibility,https://bugzilla.mozilla.org/show_bug.cgi?id=164241,,0,2002-08-23,2026-06-18T21:53:16.086299
PHASE 1A: BASELINE FORUMS,Bugzilla,incompatibility,Bug 188455: Building with gcc 3.x should issue a configure warning about Java incompatibility,https://bugzilla.mozilla.org/show_bug.cgi?id=188455,,0,2003-01-10,2026-06-18T21:53:16.086305
PHASE 1A: BASELINE FORUMS,Bugzilla,incompatibility,Bug 189342: Incompatibility with ESMTP servers (such as Postfix),https://bugzilla.mozilla.org/show_bug.cgi?id=189342,,0,2003-01-16,2026-06-18T21:53:16.086312
PHASE 1A: BASELINE FORUMS,Bugzilla,incompatibility,Bug 191017: hnseu.com - erroneously reports Flash incompatibility,https://bugzilla.mozilla.org/show_bug.cgi?id=191017,,0,2003-01-28,2026-06-18T21:53:16.086318
PHASE 1A: BASELINE FORUMS,Bugzilla,incompatibility,Bug 191811: Mozilla no longer works because of what appears to be a Theme incompatibility problem...,https://bugzilla.mozilla.org/show_bug.cgi?id=191811,,0,2003-02-03,2026-06-18T21:53:16.086325
PHASE 1A: BASELINE FORUMS,Bugzilla,incompatibility,"Bug 214663: Thunderbird localization problems, package structure incompatibility with Mozilla and Firefox",https://bugzilla.mozilla.org/show_bug.cgi?id=214663,,0,2003-07-31,2026-06-18T21:53:16.086330
PHASE 1A: BASELINE FORUMS,Bugzilla,incompatibility,Bug 226082: Apparent incompatibility with Mac OS X Fast User Switching,https://bugzilla.mozilla.org/show_bug.cgi?id=226082,,0,2003-11-18,2026-06-18T21:53:16.086336
PHASE 1A: BASELINE FORUMS,Bugzilla,incompatibility,Bug 238499: McAfee antivirus incompatibility: quarantines whole Junk folder from under TBird.,https://bugzilla.mozilla.org/show_bug.cgi?id=238499,,0,2004-03-24,2026-06-18T21:53:16.086341
PHASE 1A: BASELINE FORUMS,Bugzilla,incompatibility,"Bug 242982: 100% cpu in any view, no events (workaround 1.7/1.8 getElementsByAttribute incompatibility)",https://bugzilla.mozilla.org/show_bug.cgi?id=242982,,0,2004-05-07,2026-06-18T21:53:16.086346
PHASE 1A: BASELINE FORUMS,Bugzilla,incompatibility,Bug 245324: Incompatible extension warning needs different text for app incompatibility than version incompatibility,https://bugzilla.mozilla.org/show_bug.cgi?id=245324,,0,2004-06-02,2026-06-18T21:53:16.086351
PHASE 1A: BASELINE FORUMS,Bugzilla,incompatibility,Bug 249251: Prevent theme/extension version incompatibility for subminor Firefox/Thunderbird releases,https://bugzilla.mozilla.org/show_bug.cgi?id=249251,,0,2004-06-30,2026-06-18T21:53:16.086357
PHASE 1A: BASELINE FORUMS,Bugzilla,incompatibility,Bug 254183: SSL / mod_gzip incompatibility,https://bugzilla.mozilla.org/show_bug.cgi?id=254183,,0,2004-08-03,2026-06-18T21:53:16.086362
PHASE 1A: BASELINE FORUMS,Bugzilla,incompatibility,Bug 274565: incompatibility between firefox and thunderbird,https://bugzilla.mozilla.org/show_bug.cgi?id=274565,,0,2004-12-14,2026-06-18T21:53:16.086367
PHASE 1A: BASELINE FORUMS,Bugzilla,incompatibility,Bug 278406: Incompatibility with iCal for recurrent events after DST change date,https://bugzilla.mozilla.org/show_bug.cgi?id=278406,,0,2005-01-14,2026-06-18T21:53:16.086373
PHASE 1A: BASELINE FORUMS,Bugzilla,incompatibility,Bug 279390: Macromedia Fireworks incompatibility: 3 stage menu (up-over-down) displays incorrectly,https://bugzilla.mozilla.org/show_bug.cgi?id=279390,,0,2005-01-22,2026-06-18T21:53:16.086378
PHASE 1A: BASELINE FORUMS,Bugzilla,incompatibility,Bug 283881: Incompatibility with Apple Mac iCal client [bad line ends in wrapped long descriptions],https://bugzilla.mozilla.org/show_bug.cgi?id=283881,,0,2005-02-27,2026-06-18T21:53:16.086383
PHASE 1A: BASELINE FORUMS,Bugzilla,incompatibility,Bug 283967: css incompatibility,https://bugzilla.mozilla.org/show_bug.cgi?id=283967,,0,2005-02-27,2026-06-18T21:53:16.086388
PHASE 1A: BASELINE FORUMS,Bugzilla,incompatibility,Bug 284474: Converting to UTF-8  a url with an unescaped  non-ASCII chars in the query part leads to an incompatibility with most server-side programs,https://bugzilla.mozilla.org/show_bug.cgi?id=284474,,0,2005-03-02,2026-06-18T21:53:16.086394
PHASE 1A: BASELINE FORUMS,Bugzilla,incompatibility,Bug 287191: IMAP server setting causes incompatibility,https://bugzilla.mozilla.org/show_bug.cgi?id=287191,,0,2005-03-22,2026-06-18T21:53:16.086399
PHASE 1A: BASELINE FORUMS,Bugzilla,incompatibility,Bug 297665: Incompatibility check is not performed when downgrading from 1.0+ to 1.0,https://bugzilla.mozilla.org/show_bug.cgi?id=297665,,0,2005-06-14,2026-06-18T21:53:16.086404
PHASE 1A: BASELINE FORUMS,Bugzilla,incompatibility,"Bug 298667: Incompatibility with Exchange when marking a mail as ""Sent"" or ""Forwarded""",https://bugzilla.mozilla.org/show_bug.cgi?id=298667,,0,2005-06-24,2026-06-18T21:53:16.086410
PHASE 1A: BASELINE FORUMS,Bugzilla,incompatibility,Bug 299181: bad header showing in browser window -- http 1.1 incompatibility with cached requests,https://bugzilla.mozilla.org/show_bug.cgi?id=299181,,0,2005-06-29,2026-06-18T21:53:16.086415
PHASE 1A: BASELINE FORUMS,Bugzilla,incompatibility,Bug 303015: Incompatibility with Roboform leads to subsequent crash,https://bugzilla.mozilla.org/show_bug.cgi?id=303015,,0,2005-08-01,2026-06-18T21:53:16.086420
PHASE 1A: BASELINE FORUMS,Bugzilla,incompatibility,"Bug 306651: incompatibility of registry entries with java control panel, causes error if you select applet tag support for Mozilla",https://bugzilla.mozilla.org/show_bug.cgi?id=306651,,0,2005-09-01,2026-06-18T21:53:16.086426
PHASE 1A: BASELINE FORUMS,Bugzilla,incompatibility,"Bug 316164: Some incompatibility with Shockwave Flash, Firefox crashes",https://bugzilla.mozilla.org/show_bug.cgi?id=316164,,0,2005-11-12,2026-06-18T21:53:16.086431
PHASE 1A: BASELINE FORUMS,Bugzilla,incompatibility,Bug 324041: IE DHTML/JavaScript incompatibility,https://bugzilla.mozilla.org/show_bug.cgi?id=324041,,0,2006-01-19,2026-06-18T21:53:16.086436
PHASE 1A: BASELINE FORUMS,Bugzilla,incompatibility,Bug 332462: Some incompatibility problem causing repeated crashes with eBay,https://bugzilla.mozilla.org/show_bug.cgi?id=332462,,0,2006-04-01,2026-06-18T21:53:16.086441
PHASE 1A: BASELINE FORUMS,Bugzilla,incompatibility,Bug 334126: gettyimages.com - Access refused due to incompatibility,https://bugzilla.mozilla.org/show_bug.cgi?id=334126,,0,2006-04-15,2026-06-18T21:53:16.086447
PHASE 1A: BASELINE FORUMS,Bugzilla,incompatibility,Bug 360059: FF2 & 1.5.0.7 Zone Alarm Incompatibility,https://bugzilla.mozilla.org/show_bug.cgi?id=360059,,0,2006-11-09,2026-06-18T21:53:16.086452
PHASE 1A: BASELINE FORUMS,Bugzilla,compilation errors,Bug 6792: There are compilation ERRORS on Motif,https://bugzilla.mozilla.org/show_bug.cgi?id=6792,,0,1999-05-20,2026-06-18T21:53:18.455262
PHASE 1A: BASELINE FORUMS,Bugzilla,compilation errors,Bug 10728: solaris compilation errors on widget/src/gtk/nsWindow.cpp,https://bugzilla.mozilla.org/show_bug.cgi?id=10728,,0,1999-07-29,2026-06-18T21:53:18.455292
PHASE 1A: BASELINE FORUMS,Bugzilla,compilation errors,Bug 15747: Compilation errors with newer gcc compilers,https://bugzilla.mozilla.org/show_bug.cgi?id=15747,,0,1999-10-07,2026-06-18T21:53:18.455298
PHASE 1A: BASELINE FORUMS,Bugzilla,compilation errors,Bug 15776: Compilation errors with some gcc versions,https://bugzilla.mozilla.org/show_bug.cgi?id=15776,,0,1999-10-07,2026-06-18T21:53:18.455303
PHASE 1A: BASELINE FORUMS,Bugzilla,compilation errors,Bug 25631: Compilation errors with strict compiler,https://bugzilla.mozilla.org/show_bug.cgi?id=25631,,0,2000-01-29,2026-06-18T21:53:18.455309
PHASE 1A: BASELINE FORUMS,Bugzilla,compilation errors,Bug 27121: Including plevent.h gives me compilation errors,https://bugzilla.mozilla.org/show_bug.cgi?id=27121,,0,2000-02-09,2026-06-18T21:53:18.455314
PHASE 1A: BASELINE FORUMS,Bugzilla,compilation errors,Bug 135119: Networking-related compilation errors in ptio.c,https://bugzilla.mozilla.org/show_bug.cgi?id=135119,,0,2002-04-03,2026-06-18T21:53:18.455319
PHASE 1A: BASELINE FORUMS,Bugzilla,compilation errors,Bug 222923: Compilation errors with two configure options (gmake exits),https://bugzilla.mozilla.org/show_bug.cgi?id=222923,,0,2003-10-20,2026-06-18T21:53:18.455324
PHASE 1A: BASELINE FORUMS,Bugzilla,compilation errors,Bug 249478: SpiderMonkey 1.5rc6a compilation errors on Fedora Core2 AMD64,https://bugzilla.mozilla.org/show_bug.cgi?id=249478,,0,2004-07-01,2026-06-18T21:53:18.455329
PHASE 1A: BASELINE FORUMS,Bugzilla,compilation errors,Bug 289844: 2 errors detected in the compilation of nsHttpAuthManager.cpp,https://bugzilla.mozilla.org/show_bug.cgi?id=289844,,0,2005-04-11,2026-06-18T21:53:18.455335
PHASE 1A: BASELINE FORUMS,Bugzilla,compilation errors,Bug 400787: compilation errors while building with vs2005 using avmplus_8.sln files,https://bugzilla.mozilla.org/show_bug.cgi?id=400787,,0,2007-10-23,2026-06-18T21:53:18.455340
PHASE 1A: BASELINE FORUMS,Bugzilla,compilation errors,Bug 454984: rhino crashes with org.mozilla.javascript.NodeTransformer.transformCompilationUnit_r(NodeTransformer.java:419)  errors,https://bugzilla.mozilla.org/show_bug.cgi?id=454984,,0,2008-09-12,2026-06-18T21:53:18.455345
PHASE 1A: BASELINE FORUMS,Bugzilla,compilation errors,Bug 462144: [redux] Compilation and/or run-time errors for threaded code without peephole optimization,https://bugzilla.mozilla.org/show_bug.cgi?id=462144,,0,2008-10-29,2026-06-18T21:53:18.455350
PHASE 1A: BASELINE FORUMS,Bugzilla,compilation errors,Bug 502301: fix C++0x narrowing conversion inside {} compilation errors,https://bugzilla.mozilla.org/show_bug.cgi?id=502301,,0,2009-07-04,2026-06-18T21:53:18.455355
PHASE 1A: BASELINE FORUMS,Bugzilla,compilation errors,Bug 504137: Building with AVMFEATURE_JIT=0 causes compilation errors,https://bugzilla.mozilla.org/show_bug.cgi?id=504137,,0,2009-07-14,2026-06-18T21:53:18.455361
PHASE 1A: BASELINE FORUMS,Bugzilla,compilation errors,Bug 536151: libevent compilation errors,https://bugzilla.mozilla.org/show_bug.cgi?id=536151,,0,2009-12-21,2026-06-18T21:53:18.455366
PHASE 1A: BASELINE FORUMS,Bugzilla,compilation errors,Bug 536821: IPv6 code compilation errors on AIX 4.3.3,https://bugzilla.mozilla.org/show_bug.cgi?id=536821,,0,2009-12-26,2026-06-18T21:53:18.455371
PHASE 1A: BASELINE FORUMS,Bugzilla,compilation errors,Bug 550966: 'Deep recursion on subroutine' if there are compilation errors in the extension code.,https://bugzilla.mozilla.org/show_bug.cgi?id=550966,,0,2010-03-08,2026-06-18T21:53:18.455376
PHASE 1A: BASELINE FORUMS,Bugzilla,compilation errors,Bug 560582: compilation errors with PR_STATIC_ASSERT when building mozilla-central with system NSPR,https://bugzilla.mozilla.org/show_bug.cgi?id=560582,,0,2010-04-20,2026-06-18T21:53:18.455381
PHASE 1A: BASELINE FORUMS,Bugzilla,compilation errors,"Bug 571632: Compilation errors in ComplexTextInputPanel.h and nsChildView.mm (Mac OS X 10.6, 64 bit)",https://bugzilla.mozilla.org/show_bug.cgi?id=571632,,0,2010-06-12,2026-06-18T21:53:18.455387
PHASE 1A: BASELINE FORUMS,Bugzilla,compilation errors,Bug 576883: AIX compilation errors in media/liboggplay and media/liboggz,https://bugzilla.mozilla.org/show_bug.cgi?id=576883,,0,2010-07-04,2026-06-18T21:53:18.455393
PHASE 1A: BASELINE FORUMS,Bugzilla,compilation errors,Bug 587612: Errors in #if !ENABLE_YARR_JIT RegExp compilation path (testRegExpTest.js failed on SPARC),https://bugzilla.mozilla.org/show_bug.cgi?id=587612,,0,2010-08-16,2026-06-18T21:53:18.455399
PHASE 1A: BASELINE FORUMS,Bugzilla,compilation errors,Bug 623504: AIX compilation errors in storage-backport,https://bugzilla.mozilla.org/show_bug.cgi?id=623504,,0,2011-01-06,2026-06-18T21:53:18.455404
PHASE 1A: BASELINE FORUMS,Bugzilla,compilation errors,"Bug 706712: need a test to check lint in less files: syntax errors, compilation errors",https://bugzilla.mozilla.org/show_bug.cgi?id=706712,,0,2011-12-01,2026-06-18T21:53:18.455409
PHASE 1A: BASELINE FORUMS,Bugzilla,compilation errors,Bug 742272: Fix DEBUG_CC compilation errors,https://bugzilla.mozilla.org/show_bug.cgi?id=742272,,0,2012-04-04,2026-06-18T21:53:18.455414
PHASE 1A: BASELINE FORUMS,Bugzilla,compilation errors,"Bug 786330: Unable to resolve jetpack compilation errors after accidential upgrade to ""addon kit"" 1.9 (builder.addons.mozilla.org)",https://bugzilla.mozilla.org/show_bug.cgi?id=786330,,0,2012-08-28,2026-06-18T21:53:18.455419
PHASE 1A: BASELINE FORUMS,Bugzilla,compilation errors,Bug 821318: fix compilation errors with WrapRunnable in PeerConnectionImpl.cpp,https://bugzilla.mozilla.org/show_bug.cgi?id=821318,,0,2012-12-13,2026-06-18T21:53:18.455425
PHASE 1A: BASELINE FORUMS,Bugzilla,compilation errors,Bug 886128: Fix several clang compilation warnings and some errors in nonstandandard configurations,https://bugzilla.mozilla.org/show_bug.cgi?id=886128,,0,2013-06-23,2026-06-18T21:53:18.455430
PHASE 1A: BASELINE FORUMS,Bugzilla,compilation errors,Bug 890491: Preprocessor errors in self-hosted code don't stop compilation,https://bugzilla.mozilla.org/show_bug.cgi?id=890491,,0,2013-07-05,2026-06-18T21:53:18.455436
PHASE 1A: BASELINE FORUMS,Bugzilla,compilation errors,Bug 930928: Shader compilation errors should be displayed in the editor,https://bugzilla.mozilla.org/show_bug.cgi?id=930928,,0,2013-10-25,2026-06-18T21:53:18.455442
PHASE 1A: BASELINE FORUMS,Bugzilla,compilation errors,Bug 957579: Highlight compilation errors,https://bugzilla.mozilla.org/show_bug.cgi?id=957579,,0,2014-01-08,2026-06-18T21:53:18.455452
PHASE 1A: BASELINE FORUMS,Bugzilla,compilation errors,Bug 975508: Compilation errors break Eclipse build,https://bugzilla.mozilla.org/show_bug.cgi?id=975508,,0,2014-02-21,2026-06-18T21:53:18.455479
PHASE 1A: BASELINE FORUMS,Bugzilla,compilation errors,"Bug 1013065: Bug 65664's NSCAP_DONT_PROVIDE_NONCONST_OPEQ autoconf test fails to compile with -Werror=uninitialized, yielding incorrect result and further compilation errors",https://bugzilla.mozilla.org/show_bug.cgi?id=1013065,,0,2014-05-20,2026-06-18T21:53:18.455488
PHASE 1A: BASELINE FORUMS,Bugzilla,compilation errors,Bug 1024836: Fix compilation errors in RangeAnalysis.cpp with clang-cl,https://bugzilla.mozilla.org/show_bug.cgi?id=1024836,,0,2014-06-13,2026-06-18T21:53:18.455539
PHASE 1A: BASELINE FORUMS,Bugzilla,compilation errors,Bug 1060886: narrowing conversion inside {} compilation errors,https://bugzilla.mozilla.org/show_bug.cgi?id=1060886,,0,2014-08-31,2026-06-18T21:53:18.455550
PHASE 1A: BASELINE FORUMS,Bugzilla,compilation errors,Bug 1120239: Warnings-as-errors breaks compilation in MediaStreamSource.cpp,https://bugzilla.mozilla.org/show_bug.cgi?id=1120239,,0,2015-01-11,2026-06-18T21:53:18.455571
PHASE 1A: BASELINE FORUMS,Bugzilla,compilation errors,Bug 1151683: Compilation errors with MSVC++ 2008,https://bugzilla.mozilla.org/show_bug.cgi?id=1151683,,0,2015-04-07,2026-06-18T21:53:18.455580
PHASE 1A: BASELINE FORUMS,Bugzilla,compilation errors,Bug 1178514: --enable-clang-plugin + --enable-ipdl-tests = compilation errors,https://bugzilla.mozilla.org/show_bug.cgi?id=1178514,,0,2015-06-29,2026-06-18T21:53:18.455589
PHASE 1A: BASELINE FORUMS,Bugzilla,compilation errors,Bug 1187173: Warning C4623 on ExtendedValidation.cpp blocks compilation with warnings-as-errors enabled,https://bugzilla.mozilla.org/show_bug.cgi?id=1187173,,0,2015-07-24,2026-06-18T21:53:18.455597
PHASE 1A: BASELINE FORUMS,Bugzilla,compilation errors,Bug 1228742: Intermittent mozpack.errors.ErrorMessage: Error: Error while running startup cache precompilation,https://bugzilla.mozilla.org/show_bug.cgi?id=1228742,,0,2015-11-28,2026-06-18T21:53:18.455605
PHASE 1A: BASELINE FORUMS,Bugzilla,compilation errors,Bug 1232218: Compilation errors with qt 5.5.1,https://bugzilla.mozilla.org/show_bug.cgi?id=1232218,,0,2015-12-14,2026-06-18T21:53:18.455613
PHASE 1A: BASELINE FORUMS,Bugzilla,compilation errors,Bug 1238424: Fix compilation errors on B2G when implementing a new interface for DOM,https://bugzilla.mozilla.org/show_bug.cgi?id=1238424,,0,2016-01-11,2026-06-18T21:53:18.455621
PHASE 1A: BASELINE FORUMS,Bugzilla,compilation errors,Bug 1317499: Provide a way to test expected compilation errors (e.g. for static_assert's),https://bugzilla.mozilla.org/show_bug.cgi?id=1317499,,0,2016-11-14,2026-06-18T21:53:18.455629
PHASE 1A: BASELINE FORUMS,Bugzilla,compilation errors,Bug 1431797: Sandbox MinGW Compilation errors: header capialization,https://bugzilla.mozilla.org/show_bug.cgi?id=1431797,,0,2018-01-19,2026-06-18T21:53:18.455637
PHASE 1A: BASELINE FORUMS,Bugzilla,compilation errors,Bug 1431801: Sandbox MinGW Compilation errors: Don't declare duplicate instantiations,https://bugzilla.mozilla.org/show_bug.cgi?id=1431801,,0,2018-01-19,2026-06-18T21:53:18.455645
PHASE 1A: BASELINE FORUMS,Bugzilla,compilation errors,Bug 1431803: Sandbox MinGW Compilation errors: __try / __except,https://bugzilla.mozilla.org/show_bug.cgi?id=1431803,,0,2018-01-19,2026-06-18T21:53:18.455654
PHASE 1A: BASELINE FORUMS,Bugzilla,compilation errors,Bug 1431807: Sandbox MinGW Compilation errors: #error if it doesn't like your MSVC version,https://bugzilla.mozilla.org/show_bug.cgi?id=1431807,,0,2018-01-19,2026-06-18T21:53:18.455662
PHASE 1A: BASELINE FORUMS,Bugzilla,compilation errors,Bug 1431809: Sandbox MinGW Compilation errors: Missing constants in MinGW,https://bugzilla.mozilla.org/show_bug.cgi?id=1431809,,0,2018-01-19,2026-06-18T21:53:18.455671
PHASE 1A: BASELINE FORUMS,Bugzilla,compilation errors,Bug 1431825: Sandbox MinGW Compilation errors: _Copy_s not defined,https://bugzilla.mozilla.org/show_bug.cgi?id=1431825,,0,2018-01-19,2026-06-18T21:53:18.455679
PHASE 1A: BASELINE FORUMS,Bugzilla,compilation errors,Bug 1432239: Sandbox MinGW Compilation errors: no matching function for call to operator new [],https://bugzilla.mozilla.org/show_bug.cgi?id=1432239,,0,2018-01-22,2026-06-18T21:53:18.455688
PHASE 1A: BASELINE FORUMS,Bugzilla,memory issues,Bug 91387: memory leaks issues,https://bugzilla.mozilla.org/show_bug.cgi?id=91387,,0,2001-07-18,2026-06-18T21:53:21.514545
PHASE 1A: BASELINE FORUMS,Bugzilla,memory issues,Bug 124608: Imagelib memory usage issues,https://bugzilla.mozilla.org/show_bug.cgi?id=124608,,0,2002-02-09,2026-06-18T21:53:21.514586
PHASE 1A: BASELINE FORUMS,Bugzilla,memory issues,Bug 413557: Facebook Toolbar add-on causes CPU and memory usage issues.,https://bugzilla.mozilla.org/show_bug.cgi?id=413557,,0,2008-01-22,2026-06-18T21:53:21.514592
PHASE 1A: BASELINE FORUMS,Bugzilla,memory issues,Bug 452489: clean up nsMemoryImpl for OOM issues.,https://bugzilla.mozilla.org/show_bug.cgi?id=452489,,0,2008-08-27,2026-06-18T21:53:21.514597
PHASE 1A: BASELINE FORUMS,Bugzilla,memory issues,Bug 462559: Chrome memory leak issues on Firefox 3,https://bugzilla.mozilla.org/show_bug.cgi?id=462559,,0,2008-10-31,2026-06-18T21:53:21.514602
PHASE 1A: BASELINE FORUMS,Bugzilla,memory issues,Bug 470949: Memory management issues particularly when viewing flash videos.,https://bugzilla.mozilla.org/show_bug.cgi?id=470949,,0,2008-12-23,2026-06-18T21:53:21.514607
PHASE 1A: BASELINE FORUMS,Bugzilla,memory issues,Bug 592774: Re-enable Jetpack's memory debugging infrastructure when platform issues are resolved,https://bugzilla.mozilla.org/show_bug.cgi?id=592774,,0,2010-09-01,2026-06-18T21:53:21.514612
PHASE 1A: BASELINE FORUMS,Bugzilla,memory issues,Bug 670765: firefox 5.0.x to 7.0.x: memory management issues,https://bugzilla.mozilla.org/show_bug.cgi?id=670765,,0,2011-07-11,2026-06-18T21:53:21.514617
PHASE 1A: BASELINE FORUMS,Bugzilla,memory issues,Bug 752906: Fix GCLI memory cleanup issues found during Developer Toolbar memory work,https://bugzilla.mozilla.org/show_bug.cgi?id=752906,,0,2012-05-08,2026-06-18T21:53:21.514624
PHASE 1A: BASELINE FORUMS,Bugzilla,memory issues,"Bug 888559: since new firefox , memory issues its using 3 gigs of memory previous version did not do this",https://bugzilla.mozilla.org/show_bug.cgi?id=888559,,0,2013-06-29,2026-06-18T21:53:21.514629
PHASE 1A: BASELINE FORUMS,Bugzilla,memory issues,Bug 891599: Provider: memory usage and issues,https://bugzilla.mozilla.org/show_bug.cgi?id=891599,,0,2013-07-09,2026-06-18T21:53:21.514635
PHASE 1A: BASELINE FORUMS,Bugzilla,memory issues,Bug 987982: Adding more locales to v1.4 builds on Buri device: possible memory issues?,https://bugzilla.mozilla.org/show_bug.cgi?id=987982,,0,2014-03-25,2026-06-18T21:53:21.514641
PHASE 1A: BASELINE FORUMS,Bugzilla,memory issues,Bug 990888: [MTBF][Memory Report] Meta Bug For MTBF related Memory Report issues,https://bugzilla.mozilla.org/show_bug.cgi?id=990888,,0,2014-04-02,2026-06-18T21:53:21.514647
PHASE 1A: BASELINE FORUMS,Bugzilla,memory issues,Bug 1020229: valgrind/memgrind uninitialized memory issues for C-C thunderbird,https://bugzilla.mozilla.org/show_bug.cgi?id=1020229,,0,2014-06-04,2026-06-18T21:53:21.514655
PHASE 1A: BASELINE FORUMS,Bugzilla,memory issues,Bug 1038470: [Camera][meta] Camera memory-pressure issues,https://bugzilla.mozilla.org/show_bug.cgi?id=1038470,,0,2014-07-15,2026-06-18T21:53:21.514667
PHASE 1A: BASELINE FORUMS,Bugzilla,memory issues,Bug 1045883: Potential memory/security issues with loading notification icons.,https://bugzilla.mozilla.org/show_bug.cgi?id=1045883,,0,2014-07-29,2026-06-18T21:53:21.514672
PHASE 1A: BASELINE FORUMS,Bugzilla,memory issues,Bug 1063658: Work around memory-backed Blob lifetime issues when passed between processes by Web Activities by saving them to DeviceStorage-backed temporary files in .gallery/tmp and returning those instead.,https://bugzilla.mozilla.org/show_bug.cgi?id=1063658,,0,2014-09-05,2026-06-18T21:53:21.514678
PHASE 1A: BASELINE FORUMS,Bugzilla,memory issues,Bug 1080122: Need activity tests for Email<->Gallery and SMS<->Gallery to ensure that memory-backed blob issues don't come back,https://bugzilla.mozilla.org/show_bug.cgi?id=1080122,,0,2014-10-08,2026-06-18T21:53:21.514683
PHASE 1A: BASELINE FORUMS,Bugzilla,memory issues,Bug 1099414: memory management issues in nICEr if e10s is used,https://bugzilla.mozilla.org/show_bug.cgi?id=1099414,,0,2014-11-14,2026-06-18T21:53:21.514688
PHASE 1A: BASELINE FORUMS,Bugzilla,memory issues,Bug 1100605: Memory issues with latest firefox 33.1,https://bugzilla.mozilla.org/show_bug.cgi?id=1100605,,0,2014-11-17,2026-06-18T21:53:21.514693
PHASE 1A: BASELINE FORUMS,Bugzilla,memory issues,Bug 1115595: [meta] SC7715 256MB memory optimization issues,https://bugzilla.mozilla.org/show_bug.cgi?id=1115595,,0,2014-12-26,2026-06-18T21:53:21.514698
PHASE 1A: BASELINE FORUMS,Bugzilla,memory issues,Bug 1186232: Memory issues for pulse_actions,https://bugzilla.mozilla.org/show_bug.cgi?id=1186232,,0,2015-07-21,2026-06-18T21:53:21.514703
PHASE 1A: BASELINE FORUMS,Bugzilla,memory issues,Bug 1307884: [Investigate] Avoid memory issues by clearing out old messages from store,https://bugzilla.mozilla.org/show_bug.cgi?id=1307884,,0,2016-10-05,2026-06-18T21:53:21.514709
PHASE 1A: BASELINE FORUMS,Bugzilla,memory issues,Bug 1327017: Several redraw issues in memory tool after switching toolbox mode (nomal/WindowHost),https://bugzilla.mozilla.org/show_bug.cgi?id=1327017,,0,2017-01-01,2026-06-18T21:53:21.514717
PHASE 1A: BASELINE FORUMS,Bugzilla,memory issues,Bug 1329219: [meta] Profiler memory usage issues,https://bugzilla.mozilla.org/show_bug.cgi?id=1329219,,0,2017-01-06,2026-06-18T21:53:21.514724
PHASE 1A: BASELINE FORUMS,Bugzilla,memory issues,Bug 1330687: More memory corruption issues in nightly build from 01/10/17,https://bugzilla.mozilla.org/show_bug.cgi?id=1330687,,0,2017-01-12,2026-06-18T21:53:21.514729
PHASE 1A: BASELINE FORUMS,Bugzilla,memory issues,Bug 1344286: Fix ESLint issues in devtools/client/memory/test/chrome/*.html,https://bugzilla.mozilla.org/show_bug.cgi?id=1344286,,0,2017-03-03,2026-06-18T21:53:21.514734
PHASE 1A: BASELINE FORUMS,Bugzilla,memory issues,Bug 1346295: Kibana 4.1 stack runs into memory issues under small queries,https://bugzilla.mozilla.org/show_bug.cgi?id=1346295,,0,2017-03-10,2026-06-18T21:53:21.514739
PHASE 1A: BASELINE FORUMS,Bugzilla,memory issues,Bug 1370998: [meta] Tracking bug for WebRender memory issues,https://bugzilla.mozilla.org/show_bug.cgi?id=1370998,,0,2017-06-07,2026-06-18T21:53:21.514744
PHASE 1A: BASELINE FORUMS,Bugzilla,memory issues,"Bug 1378679: Low memory laptops, Linux, track element does not work and causes issues",https://bugzilla.mozilla.org/show_bug.cgi?id=1378679,,0,2017-07-06,2026-06-18T21:53:21.514749
PHASE 1A: BASELINE FORUMS,Bugzilla,memory issues,Bug 1431901: Firefox Quantum 57: Memory issues,https://bugzilla.mozilla.org/show_bug.cgi?id=1431901,,0,2018-01-20,2026-06-18T21:53:21.514754
PHASE 1A: BASELINE FORUMS,Bugzilla,memory issues,Bug 1459290: Issues with running out of Application Memory on latest nightly with WebRender enabled,https://bugzilla.mozilla.org/show_bug.cgi?id=1459290,,0,2018-05-04,2026-06-18T21:53:21.514759
PHASE 1A: BASELINE FORUMS,Bugzilla,memory issues,Bug 1495741: Multiple fixes for issues related to memory usage + configuration options for managing memory usage,https://bugzilla.mozilla.org/show_bug.cgi?id=1495741,,0,2018-10-02,2026-06-18T21:53:21.514764
PHASE 1A: BASELINE FORUMS,Bugzilla,memory issues,"Bug 1507593: Intermittent Android ""No tests run or test summary not found"" with low memory issues",https://bugzilla.mozilla.org/show_bug.cgi?id=1507593,,0,2018-11-15,2026-06-18T21:53:21.514769
PHASE 1A: BASELINE FORUMS,Bugzilla,memory issues,Bug 1556680: [Translate.Next] Potential issues with translation memory,https://bugzilla.mozilla.org/show_bug.cgi?id=1556680,,0,2019-06-04,2026-06-18T21:53:21.514774
PHASE 1A: BASELINE FORUMS,Bugzilla,memory issues,Bug 1595895: Find a better solution for valgrind uninitialized memory issues (false-positives?) that were uncovered by bug 1593951.,https://bugzilla.mozilla.org/show_bug.cgi?id=1595895,,0,2019-11-12,2026-06-18T21:53:21.514779
PHASE 1A: BASELINE FORUMS,Bugzilla,memory issues,"Bug 1639152: Out of memory, Memory consumption issues when running Selenium",https://bugzilla.mozilla.org/show_bug.cgi?id=1639152,,0,2020-05-19,2026-06-18T21:53:21.514784
PHASE 1A: BASELINE FORUMS,Bugzilla,memory issues,Bug 1640720: Memory issues on web dynos,https://bugzilla.mozilla.org/show_bug.cgi?id=1640720,,0,2020-05-25,2026-06-18T21:53:21.514789
PHASE 1A: BASELINE FORUMS,Bugzilla,memory issues,Bug 1658477: Memory issues,https://bugzilla.mozilla.org/show_bug.cgi?id=1658477,,0,2020-08-11,2026-06-18T21:53:21.514794
PHASE 1A: BASELINE FORUMS,Bugzilla,memory issues,"Bug 1676807: High CPU load and memory usage due to Infinite recursion in ""js::ObjectToSource"" and ""js::ValueToSource"" when submitting a comment on https://issues.jenkins.io",https://bugzilla.mozilla.org/show_bug.cgi?id=1676807,,0,2020-11-12,2026-06-18T21:53:21.514799
PHASE 1A: BASELINE FORUMS,Bugzilla,memory issues,Bug 1714064: SPARC: memory allocation of 13908425006175232 bytes failed (passing argument from C++ to Rust issue: https://github.com/rust-lang/rust/issues/86163),https://bugzilla.mozilla.org/show_bug.cgi?id=1714064,,0,2021-06-02,2026-06-18T21:53:21.514832
PHASE 1A: BASELINE FORUMS,Bugzilla,memory issues,Bug 1762469: Fix some locking issues in xpcom memory reporters,https://bugzilla.mozilla.org/show_bug.cgi?id=1762469,,0,2022-03-31,2026-06-18T21:53:21.514837
PHASE 1A: BASELINE FORUMS,Bugzilla,memory issues,Bug 1810674: Memory issues with Thunderbird,https://bugzilla.mozilla.org/show_bug.cgi?id=1810674,,0,2023-01-17,2026-06-18T21:53:21.514842
PHASE 1A: BASELINE FORUMS,Bugzilla,memory issues,Bug 1891878: I believe that Mozilla Firefox has memory leak issues.,https://bugzilla.mozilla.org/show_bug.cgi?id=1891878,,0,2024-04-16,2026-06-18T21:53:21.514847
PHASE 1A: BASELINE FORUMS,Bugzilla,memory issues,Bug 1923426: [meta] Investigate Possible Memory Usage Issues Affecting Performance,https://bugzilla.mozilla.org/show_bug.cgi?id=1923426,,0,2024-10-08,2026-06-18T21:53:21.514852
PHASE 1A: BASELINE FORUMS,Bugzilla,memory issues,Bug 1937414: Memory issues with youtube being open for long periods of time,https://bugzilla.mozilla.org/show_bug.cgi?id=1937414,,0,2024-12-15,2026-06-18T21:53:21.514857
PHASE 1A: BASELINE FORUMS,Bugzilla,memory issues,Bug 1967668: [meta] DevTools out of memory issues leading to toolbox crash,https://bugzilla.mozilla.org/show_bug.cgi?id=1967668,,0,2025-05-21,2026-06-18T21:53:21.514862
PHASE 1A: BASELINE FORUMS,Bugzilla,memory issues,Bug 1999303: Crashes a few moments after starting due to Javascriptcand Memory issues,https://bugzilla.mozilla.org/show_bug.cgi?id=1999303,,0,2025-11-10,2026-06-18T21:53:21.514882
PHASE 1A: BASELINE FORUMS,Bugzilla,memory issues,Bug 2015334: numerous memory management issues in macOS touchbar support,https://bugzilla.mozilla.org/show_bug.cgi?id=2015334,,0,2026-02-08,2026-06-18T21:53:21.514888
PHASE 1A: BASELINE FORUMS,Bugzilla,memory issues,Bug 2029398: memory management issues in update driver,https://bugzilla.mozilla.org/show_bug.cgi?id=2029398,,0,2026-04-05,2026-06-18T21:53:21.514893
PHASE 1A: BASELINE FORUMS,Bugzilla,performance issues,Bug 7825: Bugs Related to Ender Performance Issues,https://bugzilla.mozilla.org/show_bug.cgi?id=7825,,0,1999-06-09,2026-06-18T21:53:22.945886
PHASE 1A: BASELINE FORUMS,Bugzilla,performance issues,Bug 9161: messenger related performance tracking issues,https://bugzilla.mozilla.org/show_bug.cgi?id=9161,,0,1999-07-01,2026-06-18T21:53:22.945917
PHASE 1A: BASELINE FORUMS,Bugzilla,performance issues,Bug 9164: --UI Navigation and Infrastructure Performance Tracking Issues.,https://bugzilla.mozilla.org/show_bug.cgi?id=9164,,0,1999-07-02,2026-06-18T21:53:22.945923
PHASE 1A: BASELINE FORUMS,Bugzilla,performance issues,Bug 19004: Performance issues -- this page takes forever to load,https://bugzilla.mozilla.org/show_bug.cgi?id=19004,,0,1999-11-16,2026-06-18T21:53:22.945928
PHASE 1A: BASELINE FORUMS,Bugzilla,performance issues,Bug 34029: Help Performance Issues - seems slow since pages are so big,https://bugzilla.mozilla.org/show_bug.cgi?id=34029,,0,2000-03-31,2026-06-18T21:53:22.945934
PHASE 1A: BASELINE FORUMS,Bugzilla,performance issues,Bug 71668: page loading performance issues,https://bugzilla.mozilla.org/show_bug.cgi?id=71668,,0,2001-03-12,2026-06-18T21:53:22.945939
PHASE 1A: BASELINE FORUMS,Bugzilla,performance issues,"Bug 71861: nsIFile, nsFilespec performance related issues",https://bugzilla.mozilla.org/show_bug.cgi?id=71861,,0,2001-03-13,2026-06-18T21:53:22.945944
PHASE 1A: BASELINE FORUMS,Bugzilla,performance issues,Bug 74634: applications performance issues,https://bugzilla.mozilla.org/show_bug.cgi?id=74634,,0,2001-04-03,2026-06-18T21:53:22.945949
PHASE 1A: BASELINE FORUMS,Bugzilla,performance issues,Bug 78826: Performance issues executing JavaScript.,https://bugzilla.mozilla.org/show_bug.cgi?id=78826,,0,2001-05-04,2026-06-18T21:53:22.945954
PHASE 1A: BASELINE FORUMS,Bugzilla,performance issues,Bug 91369: performance issues: Dialogs/Menubar button press,https://bugzilla.mozilla.org/show_bug.cgi?id=91369,,0,2001-07-18,2026-06-18T21:53:22.945960
PHASE 1A: BASELINE FORUMS,Bugzilla,performance issues,Bug 95314: [meta] necko performance issues,https://bugzilla.mozilla.org/show_bug.cgi?id=95314,,0,2001-08-15,2026-06-18T21:53:22.945965
PHASE 1A: BASELINE FORUMS,Bugzilla,performance issues,Bug 99674: investigate performance issues with CheckAndPopulateRecipients(),https://bugzilla.mozilla.org/show_bug.cgi?id=99674,,0,2001-09-14,2026-06-18T21:53:22.945970
PHASE 1A: BASELINE FORUMS,Bugzilla,performance issues,Bug 117611: [META] JS Engine Performance Issues,https://bugzilla.mozilla.org/show_bug.cgi?id=117611,,0,2002-01-01,2026-06-18T21:53:22.945975
PHASE 1A: BASELINE FORUMS,Bugzilla,performance issues,Bug 118933: [meta] DOM Performance Issues,https://bugzilla.mozilla.org/show_bug.cgi?id=118933,,0,2002-01-09,2026-06-18T21:53:22.945980
PHASE 1A: BASELINE FORUMS,Bugzilla,performance issues,Bug 124325: Speed and performance issues,https://bugzilla.mozilla.org/show_bug.cgi?id=124325,,0,2002-02-08,2026-06-18T21:53:22.945986
PHASE 1A: BASELINE FORUMS,Bugzilla,performance issues,Bug 136075: Serious performance issues,https://bugzilla.mozilla.org/show_bug.cgi?id=136075,,0,2002-04-07,2026-06-18T21:53:22.945991
PHASE 1A: BASELINE FORUMS,Bugzilla,performance issues,Bug 144014: CompareTreePosition performance issues,https://bugzilla.mozilla.org/show_bug.cgi?id=144014,,0,2002-05-13,2026-06-18T21:53:22.946006
PHASE 1A: BASELINE FORUMS,Bugzilla,performance issues,Bug 147799: Serious performance issues loading certain websites,https://bugzilla.mozilla.org/show_bug.cgi?id=147799,,0,2002-05-29,2026-06-18T21:53:22.946012
PHASE 1A: BASELINE FORUMS,Bugzilla,performance issues,Bug 154816: DNS: performance issues,https://bugzilla.mozilla.org/show_bug.cgi?id=154816,,0,2002-06-28,2026-06-18T21:53:22.946017
PHASE 1A: BASELINE FORUMS,Bugzilla,performance issues,Bug 212223: Charset alias performance issues,https://bugzilla.mozilla.org/show_bug.cgi?id=212223,,0,2003-07-09,2026-06-18T21:53:22.946022
PHASE 1A: BASELINE FORUMS,Bugzilla,performance issues,Bug 242364: Serious performance issues painting a fixed-pos scaled image with opacity,https://bugzilla.mozilla.org/show_bug.cgi?id=242364,,0,2004-05-02,2026-06-18T21:53:22.946027
PHASE 1A: BASELINE FORUMS,Bugzilla,performance issues,Bug 273742: Thunderbird performance issues when fetching the headers for a very large IMAP mailbox,https://bugzilla.mozilla.org/show_bug.cgi?id=273742,,0,2004-12-08,2026-06-18T21:53:22.946033
PHASE 1A: BASELINE FORUMS,Bugzilla,performance issues,Bug 282600: Large gif as a background image on the body causes performance issues,https://bugzilla.mozilla.org/show_bug.cgi?id=282600,,0,2005-02-17,2026-06-18T21:53:22.946038
PHASE 1A: BASELINE FORUMS,Bugzilla,performance issues,Bug 300307: Continuation model has performance issues if we have a lot of continuations,https://bugzilla.mozilla.org/show_bug.cgi?id=300307,,0,2005-07-11,2026-06-18T21:53:22.946043
PHASE 1A: BASELINE FORUMS,Bugzilla,performance issues,Bug 334719: Cairo performance issues: Windows,https://bugzilla.mozilla.org/show_bug.cgi?id=334719,,0,2006-04-19,2026-06-18T21:53:22.946049
PHASE 1A: BASELINE FORUMS,Bugzilla,performance issues,Bug 334720: Cairo performance issues: Unix,https://bugzilla.mozilla.org/show_bug.cgi?id=334720,,0,2006-04-19,2026-06-18T21:53:22.946054
PHASE 1A: BASELINE FORUMS,Bugzilla,performance issues,Bug 334721: Cairo performance issues: Mac,https://bugzilla.mozilla.org/show_bug.cgi?id=334721,,0,2006-04-19,2026-06-18T21:53:22.946059
PHASE 1A: BASELINE FORUMS,Bugzilla,performance issues,Bug 394492: SessionStore API performance issues with large number of windows and tabs,https://bugzilla.mozilla.org/show_bug.cgi?id=394492,,0,2007-08-31,2026-06-18T21:53:22.946064
PHASE 1A: BASELINE FORUMS,Bugzilla,performance issues,Bug 414891: Addon installs performance issues,https://bugzilla.mozilla.org/show_bug.cgi?id=414891,,0,2008-01-30,2026-06-18T21:53:22.946070
PHASE 1A: BASELINE FORUMS,Bugzilla,performance issues,Bug 415059: performance issues when focused on keyword bookmark for rfc.net search field,https://bugzilla.mozilla.org/show_bug.cgi?id=415059,,0,2008-01-31,2026-06-18T21:53:22.946075
PHASE 1A: BASELINE FORUMS,Bugzilla,performance issues,Bug 456045: Pages with flash have performance issues.,https://bugzilla.mozilla.org/show_bug.cgi?id=456045,,0,2008-09-19,2026-06-18T21:53:22.946080
PHASE 1A: BASELINE FORUMS,Bugzilla,performance issues,Bug 465087: Stop allowing SVGs to (accidentally) create insanely large pattern surfaces that cause performance issues,https://bugzilla.mozilla.org/show_bug.cgi?id=465087,,0,2008-11-15,2026-06-18T21:53:22.946085
PHASE 1A: BASELINE FORUMS,Bugzilla,performance issues,Bug 487375: Severe performance issues on USB stick while deleting or receiving mail,https://bugzilla.mozilla.org/show_bug.cgi?id=487375,,0,2009-04-08,2026-06-18T21:53:22.946090
PHASE 1A: BASELINE FORUMS,Bugzilla,performance issues,Bug 487832: [meta] Thunderbird startup performance issues,https://bugzilla.mozilla.org/show_bug.cgi?id=487832,,0,2009-04-10,2026-06-18T21:53:22.946096
PHASE 1A: BASELINE FORUMS,Bugzilla,performance issues,Bug 500535: severe performance issues with ff 3.5rc3,https://bugzilla.mozilla.org/show_bug.cgi?id=500535,,0,2009-06-25,2026-06-18T21:53:22.946101
PHASE 1A: BASELINE FORUMS,Bugzilla,performance issues,Bug 507712: LDAP searches from address book are poorly formed and cause performance issues,https://bugzilla.mozilla.org/show_bug.cgi?id=507712,,0,2009-07-31,2026-06-18T21:53:22.946106
PHASE 1A: BASELINE FORUMS,Bugzilla,performance issues,Bug 512970: Performance issues with the latest upgrade,https://bugzilla.mozilla.org/show_bug.cgi?id=512970,,0,2009-08-27,2026-06-18T21:53:22.946114
PHASE 1A: BASELINE FORUMS,Bugzilla,performance issues,Bug 518397: Bugzilla::Util::get_text implementation leads to performance issues on long bugs,https://bugzilla.mozilla.org/show_bug.cgi?id=518397,,0,2009-09-23,2026-06-18T21:53:22.946120
PHASE 1A: BASELINE FORUMS,Bugzilla,performance issues,Bug 533644: Performance Issues - when a new Firefox window is opened,https://bugzilla.mozilla.org/show_bug.cgi?id=533644,,0,2009-12-09,2026-06-18T21:53:22.946125
PHASE 1A: BASELINE FORUMS,Bugzilla,performance issues,Bug 536945: Implement wrapping of tab previews in JS to avoid performance issues with display:block,https://bugzilla.mozilla.org/show_bug.cgi?id=536945,,0,2009-12-28,2026-06-18T21:53:22.946130
PHASE 1A: BASELINE FORUMS,Bugzilla,performance issues,Bug 547538: Work around border rendering performance issues in order to make the location and searchbar restyle landable,https://bugzilla.mozilla.org/show_bug.cgi?id=547538,,0,2010-02-21,2026-06-18T21:53:22.946135
PHASE 1A: BASELINE FORUMS,Bugzilla,performance issues,Bug 561937: [meta] Tracking bug for layout architectural issues that cause performance problems,https://bugzilla.mozilla.org/show_bug.cgi?id=561937,,0,2010-04-27,2026-06-18T21:53:22.946141
PHASE 1A: BASELINE FORUMS,Bugzilla,performance issues,Bug 567472: content.css performance issues,https://bugzilla.mozilla.org/show_bug.cgi?id=567472,,0,2010-05-21,2026-06-18T21:53:22.946146
PHASE 1A: BASELINE FORUMS,Bugzilla,performance issues,Bug 582489: Much slower on particle demo due to canvas performance issues with fillRect,https://bugzilla.mozilla.org/show_bug.cgi?id=582489,,0,2010-07-28,2026-06-18T21:53:22.946151
PHASE 1A: BASELINE FORUMS,Bugzilla,performance issues,"Bug 593490: Performance issues, (geneal slowness, hiccups)",https://bugzilla.mozilla.org/show_bug.cgi?id=593490,,0,2010-09-03,2026-06-18T21:53:22.946156
PHASE 1A: BASELINE FORUMS,Bugzilla,performance issues,Bug 595671: Animated images (GIFs) cause severe performance issues,https://bugzilla.mozilla.org/show_bug.cgi?id=595671,,0,2010-09-12,2026-06-18T21:53:22.946161
PHASE 1A: BASELINE FORUMS,Bugzilla,performance issues,Bug 611596: OpenGL Hardware Acceleration major performance issues,https://bugzilla.mozilla.org/show_bug.cgi?id=611596,,0,2010-11-12,2026-06-18T21:53:22.946167
PHASE 1A: BASELINE FORUMS,Bugzilla,performance issues,Bug 612113: Performance issues with Flash at MSNBC's Countdown page,https://bugzilla.mozilla.org/show_bug.cgi?id=612113,,0,2010-11-14,2026-06-18T21:53:22.946172
PHASE 1A: BASELINE FORUMS,Bugzilla,performance issues,"Bug 616111: Macro-blocking, rendering and performance issues in windowed mode with Flash 10.2 beta",https://bugzilla.mozilla.org/show_bug.cgi?id=616111,,0,2010-12-02,2026-06-18T21:53:22.946177
PHASE 1A: BASELINE FORUMS,Bugzilla,performance issues,Bug 623923: Tracking bug for cairo tesselator performance issues,https://bugzilla.mozilla.org/show_bug.cgi?id=623923,,0,2011-01-07,2026-06-18T21:53:22.946182
PHASE 1A: BASELINE FORUMS,Bugzilla,security issues,Bug 38828: Security issues with window.defaultStatus,https://bugzilla.mozilla.org/show_bug.cgi?id=38828,,0,2000-05-10,2026-06-18T21:53:25.085263
PHASE 1A: BASELINE FORUMS,Bugzilla,security issues,Bug 87661: Security issues with AutoConfig feature/ Moving the creation of AutoConfig,https://bugzilla.mozilla.org/show_bug.cgi?id=87661,,0,2001-06-25,2026-06-18T21:53:25.085294
PHASE 1A: BASELINE FORUMS,Bugzilla,security issues,Bug 183223: Address security issues for exposing JSObjects via IDispatch,https://bugzilla.mozilla.org/show_bug.cgi?id=183223,,0,2002-12-03,2026-06-18T21:53:25.085299
PHASE 1A: BASELINE FORUMS,Bugzilla,security issues,Bug 191773: x-jsd: url security issues,https://bugzilla.mozilla.org/show_bug.cgi?id=191773,,0,2003-02-03,2026-06-18T21:53:25.085304
PHASE 1A: BASELINE FORUMS,Bugzilla,security issues,Bug 213921: [FIX]Backwards assumptions in helper app service could be security issues,https://bugzilla.mozilla.org/show_bug.cgi?id=213921,,0,2003-07-25,2026-06-18T21:53:25.085309
PHASE 1A: BASELINE FORUMS,Bugzilla,security issues,"Bug 242976: Script failure - no longer able to login, plus possible security issues with latest builds",https://bugzilla.mozilla.org/show_bug.cgi?id=242976,,0,2004-05-07,2026-06-18T21:53:25.085313
PHASE 1A: BASELINE FORUMS,Bugzilla,security issues,Bug 262887: Secunia background tab security issues (SA12712 -  less critical) -,https://bugzilla.mozilla.org/show_bug.cgi?id=262887,,0,2004-10-04,2026-06-18T21:53:25.085318
PHASE 1A: BASELINE FORUMS,Bugzilla,security issues,Bug 290517: Viewing the wireless security settings on a Belkin 802.11g wireless print server (Model F1UP0001); HTML handling issues,https://bugzilla.mozilla.org/show_bug.cgi?id=290517,,0,2005-04-15,2026-06-18T21:53:25.085323
PHASE 1A: BASELINE FORUMS,Bugzilla,security issues,Bug 347229: Accessibility issues on Options-Security dialog,https://bugzilla.mozilla.org/show_bug.cgi?id=347229,,0,2006-08-03,2026-06-18T21:53:25.085327
PHASE 1A: BASELINE FORUMS,Bugzilla,security issues,Bug 381536: New suggestion for Security issues,https://bugzilla.mozilla.org/show_bug.cgi?id=381536,,0,2007-05-22,2026-06-18T21:53:25.085332
PHASE 1A: BASELINE FORUMS,Bugzilla,security issues,Bug 443138: Security Zone Policy issues when downloading in FFV3 of file sizes greater than 6.4kbs,https://bugzilla.mozilla.org/show_bug.cgi?id=443138,,0,2008-07-02,2026-06-18T21:53:25.085336
PHASE 1A: BASELINE FORUMS,Bugzilla,security issues,Bug 493663: Add tamarin-security group for processing Tamarin security issues,https://bugzilla.mozilla.org/show_bug.cgi?id=493663,,0,2009-05-19,2026-06-18T21:53:25.085341
PHASE 1A: BASELINE FORUMS,Bugzilla,security issues,Bug 505216: Template issues with security blog comments,https://bugzilla.mozilla.org/show_bug.cgi?id=505216,,0,2009-07-20,2026-06-18T21:53:25.085346
PHASE 1A: BASELINE FORUMS,Bugzilla,security issues,Bug 537761: Potential security issues involving redirects of XPI installs,https://bugzilla.mozilla.org/show_bug.cgi?id=537761,,0,2010-01-04,2026-06-18T21:53:25.085350
PHASE 1A: BASELINE FORUMS,Bugzilla,security issues,"Bug 543087: All my add-ons show the following message: ""Requires additional items. Disabled for your protection. Known to cause security or stability issues.""",https://bugzilla.mozilla.org/show_bug.cgi?id=543087,,0,2010-01-29,2026-06-18T21:53:25.085355
PHASE 1A: BASELINE FORUMS,Bugzilla,security issues,Bug 550166: BIDI issues in IRI display need reviewing for potential security problems,https://bugzilla.mozilla.org/show_bug.cgi?id=550166,,0,2010-03-04,2026-06-18T21:53:25.085359
PHASE 1A: BASELINE FORUMS,Bugzilla,security issues,"Bug 571365: Upgrade MediaWiki to 1.15.4 to Address Security Issues (XSS, CSRF)",https://bugzilla.mozilla.org/show_bug.cgi?id=571365,,0,2010-06-10,2026-06-18T21:53:25.085364
PHASE 1A: BASELINE FORUMS,Bugzilla,security issues,Bug 571378: Upgrade Drupal on spreadfirefox.com to Address Security Issues,https://bugzilla.mozilla.org/show_bug.cgi?id=571378,,0,2010-06-10,2026-06-18T21:53:25.085369
PHASE 1A: BASELINE FORUMS,Bugzilla,security issues,Bug 594259: 2 issues after updating from 3.1.2 to 3.1.3 (security patch),https://bugzilla.mozilla.org/show_bug.cgi?id=594259,,0,2010-09-08,2026-06-18T21:53:25.085373
PHASE 1A: BASELINE FORUMS,Bugzilla,security issues,Bug 650596: In the release notes can you link to a page which has all the bugs or security issues fix,https://bugzilla.mozilla.org/show_bug.cgi?id=650596,,0,2011-04-17,2026-06-18T21:53:25.085378
PHASE 1A: BASELINE FORUMS,Bugzilla,security issues,Bug 663139: Paypal: Outdated Browser With Known Security Issues.,https://bugzilla.mozilla.org/show_bug.cgi?id=663139,,0,2011-06-09,2026-06-18T21:53:25.085382
PHASE 1A: BASELINE FORUMS,Bugzilla,security issues,Bug 664696: GCLI commands should be reviewed for security issues,https://bugzilla.mozilla.org/show_bug.cgi?id=664696,,0,2011-06-16,2026-06-18T21:53:25.085387
PHASE 1A: BASELINE FORUMS,Bugzilla,security issues,Bug 664959: On cookie security issues,https://bugzilla.mozilla.org/show_bug.cgi?id=664959,,0,2011-06-17,2026-06-18T21:53:25.085391
PHASE 1A: BASELINE FORUMS,Bugzilla,security issues,Bug 762216: Crash Stats should not leak security issues,https://bugzilla.mozilla.org/show_bug.cgi?id=762216,,0,2012-06-06,2026-06-18T21:53:25.085396
PHASE 1A: BASELINE FORUMS,Bugzilla,security issues,Bug 778945: upgrade django to fix security issues,https://bugzilla.mozilla.org/show_bug.cgi?id=778945,,0,2012-07-30,2026-06-18T21:53:25.085405
PHASE 1A: BASELINE FORUMS,Bugzilla,security issues,"Bug 784118: XMLHttpRequest accepts ""data"" protocol - can lead to security issues for websites",https://bugzilla.mozilla.org/show_bug.cgi?id=784118,,0,2012-08-20,2026-06-18T21:53:25.085410
PHASE 1A: BASELINE FORUMS,Bugzilla,security issues,Bug 787874: Warn or work around addon update check issues when security software messes with SSL certs,https://bugzilla.mozilla.org/show_bug.cgi?id=787874,,0,2012-09-03,2026-06-18T21:53:25.085414
PHASE 1A: BASELINE FORUMS,Bugzilla,security issues,Bug 797070: A warning about stability and security issues should appear when downloading older versions,https://bugzilla.mozilla.org/show_bug.cgi?id=797070,,0,2012-10-02,2026-06-18T21:53:25.085419
PHASE 1A: BASELINE FORUMS,Bugzilla,security issues,Bug 825220: Two or three-step confirmation for security related issues is extremly annoying,https://bugzilla.mozilla.org/show_bug.cgi?id=825220,,0,2012-12-28,2026-06-18T21:53:25.085424
PHASE 1A: BASELINE FORUMS,Bugzilla,security issues,Bug 826995: Fix CSS columns-related security issues (or disable the feature),https://bugzilla.mozilla.org/show_bug.cgi?id=826995,,0,2013-01-05,2026-06-18T21:53:25.085428
PHASE 1A: BASELINE FORUMS,Bugzilla,security issues,Bug 833478: Plugins that are click-to-play with no *known* security/stability issues should not be labeled as causing security or stability issues,https://bugzilla.mozilla.org/show_bug.cgi?id=833478,,0,2013-01-22,2026-06-18T21:53:25.085433
PHASE 1A: BASELINE FORUMS,Bugzilla,security issues,Bug 850556: [Gaia][Browser] Unable to access some Brazilian banking and government websites due to Security Certificate issues,https://bugzilla.mozilla.org/show_bug.cgi?id=850556,,0,2013-03-13,2026-06-18T21:53:25.085437
PHASE 1A: BASELINE FORUMS,Bugzilla,security issues,Bug 860934: Device Storage - Security issues with OOP on FirefoxOS,https://bugzilla.mozilla.org/show_bug.cgi?id=860934,,0,2013-04-11,2026-06-18T21:53:25.085442
PHASE 1A: BASELINE FORUMS,Bugzilla,security issues,Bug 865345: [Security Review][Fuzzing][LangFuzz] IonMonkey Fuzzing on Aurora to find inlining issues,https://bugzilla.mozilla.org/show_bug.cgi?id=865345,,0,2013-04-24,2026-06-18T21:53:25.085446
PHASE 1A: BASELINE FORUMS,Bugzilla,security issues,Bug 865435: [Security Review][Fuzzing][jsfunfuzz] IonMonkey Fuzzing on Aurora to find inlining issues,https://bugzilla.mozilla.org/show_bug.cgi?id=865435,,0,2013-04-24,2026-06-18T21:53:25.085451
PHASE 1A: BASELINE FORUMS,Bugzilla,security issues,Bug 870368: Security issues after log out \ log in sessions,https://bugzilla.mozilla.org/show_bug.cgi?id=870368,,0,2013-05-09,2026-06-18T21:53:25.085455
PHASE 1A: BASELINE FORUMS,Bugzilla,security issues,Bug 901904: Test failures in /testSecurity/ due to localization issues,https://bugzilla.mozilla.org/show_bug.cgi?id=901904,,0,2013-08-06,2026-06-18T21:53:25.085460
PHASE 1A: BASELINE FORUMS,Bugzilla,security issues,"Bug 906441: plugins.click_to_play is ignored for flash, exposing security issues",https://bugzilla.mozilla.org/show_bug.cgi?id=906441,,0,2013-08-18,2026-06-18T21:53:25.085465
PHASE 1A: BASELINE FORUMS,Bugzilla,security issues,Bug 907707: Security issues related to users making directories available to a page via <input type=file directory> or drag-and-drop,https://bugzilla.mozilla.org/show_bug.cgi?id=907707,,0,2013-08-21,2026-06-18T21:53:25.085469
PHASE 1A: BASELINE FORUMS,Bugzilla,security issues,"Bug 983710: Add a ""Security issues"" category to the Developer HUD",https://bugzilla.mozilla.org/show_bug.cgi?id=983710,,0,2014-03-14,2026-06-18T21:53:25.085474
PHASE 1A: BASELINE FORUMS,Bugzilla,security issues,Bug 994286: [Security Review][Fuzzing][jsfunfuzz] Lingering issues after bug 982974,https://bugzilla.mozilla.org/show_bug.cgi?id=994286,,0,2014-04-09,2026-06-18T21:53:25.085479
PHASE 1A: BASELINE FORUMS,Bugzilla,security issues,Bug 999034: List of known possibly security sensitive issues,https://bugzilla.mozilla.org/show_bug.cgi?id=999034,,0,2014-04-21,2026-06-18T21:53:25.085483
PHASE 1A: BASELINE FORUMS,Bugzilla,security issues,Bug 999735: [B2G][1.4][l10n][Settings] Russian: 'Security issues' string is truncated,https://bugzilla.mozilla.org/show_bug.cgi?id=999735,,0,2014-04-22,2026-06-18T21:53:25.085488
PHASE 1A: BASELINE FORUMS,Bugzilla,security issues,"Bug 1000339: [B2G][1.4][l10n][Developer HUD]Macedonian: ""Log changes in ADB"" and ""Security issues"" are truncated when viewed in Macedonian",https://bugzilla.mozilla.org/show_bug.cgi?id=1000339,,0,2014-04-23,2026-06-18T21:53:25.085495
PHASE 1A: BASELINE FORUMS,Bugzilla,security issues,"Bug 1000353: [B2G][1.4][l10n][Developer HUD]Serbian-Cyrillic: ""Security issues"" is truncated when viewed in Serbian-Cyrillic",https://bugzilla.mozilla.org/show_bug.cgi?id=1000353,,0,2014-04-23,2026-06-18T21:53:25.085499
PHASE 1A: BASELINE FORUMS,Bugzilla,security issues,Bug 1045883: Potential memory/security issues with loading notification icons.,https://bugzilla.mozilla.org/show_bug.cgi?id=1045883,,0,2014-07-29,2026-06-18T21:53:25.085504
PHASE 1A: BASELINE FORUMS,Bugzilla,security issues,"Bug 1104005: Can't run ""./mach test browser/devtools/webconsole/test/browser_webconsole_block_mixedcontent_securityerrors.js"" because of python issues in mach_commands.py",https://bugzilla.mozilla.org/show_bug.cgi?id=1104005,,0,2014-11-24,2026-06-18T21:53:25.085509
PHASE 1A: BASELINE FORUMS,Bugzilla,security issues,Bug 1128195: Content Security Policy issues misleading debug output in the console,https://bugzilla.mozilla.org/show_bug.cgi?id=1128195,,0,2015-01-31,2026-06-18T21:53:25.085513
PHASE 1A: BASELINE FORUMS,Bugzilla,security issues,"Bug 1195555: Potential security issues with ""Save Link As""",https://bugzilla.mozilla.org/show_bug.cgi?id=1195555,,0,2015-08-17,2026-06-18T21:53:25.085518
PHASE 1A: BASELINE FORUMS,Bugzilla,security issues,Bug 1220992: Multiple security issues with Window.open(),https://bugzilla.mozilla.org/show_bug.cgi?id=1220992,,0,2015-11-03,2026-06-18T21:53:25.085522
PHASE 1A: BASELINE FORUMS,Bugzilla,API,Bug 749: nuke GetFontCache API's,https://bugzilla.mozilla.org/show_bug.cgi?id=749,,0,1998-09-09,2026-06-18T21:53:25.449739
PHASE 1A: BASELINE FORUMS,Bugzilla,API,Bug 993: Unhandled exception in jsapi,https://bugzilla.mozilla.org/show_bug.cgi?id=993,,0,1998-10-02,2026-06-18T21:53:25.449770
PHASE 1A: BASELINE FORUMS,Bugzilla,API,Bug 1272: Update CAPI API's to CAPI 0.6.,https://bugzilla.mozilla.org/show_bug.cgi?id=1272,,0,1998-11-05,2026-06-18T21:53:25.449776
PHASE 1A: BASELINE FORUMS,Bugzilla,API,Bug 1385: Bug in API.pm when updating multiple attributes,https://bugzilla.mozilla.org/show_bug.cgi?id=1385,,0,1998-11-16,2026-06-18T21:53:25.449782
PHASE 1A: BASELINE FORUMS,Bugzilla,API,Bug 1386: Suggested two methods for API.pm,https://bugzilla.mozilla.org/show_bug.cgi?id=1386,,0,1998-11-16,2026-06-18T21:53:25.449787
PHASE 1A: BASELINE FORUMS,Bugzilla,API,Bug 1387: Bug in API.xs handling zero-value attributes,https://bugzilla.mozilla.org/show_bug.cgi?id=1387,,0,1998-11-16,2026-06-18T21:53:25.449793
PHASE 1A: BASELINE FORUMS,Bugzilla,API,Bug 1409: LDAP API does not return correct Password Policy controls,https://bugzilla.mozilla.org/show_bug.cgi?id=1409,,0,1998-11-18,2026-06-18T21:53:25.449798
PHASE 1A: BASELINE FORUMS,Bugzilla,API,Bug 1989: text-transform:capitalize clashes with :first-letter,https://bugzilla.mozilla.org/show_bug.cgi?id=1989,,0,1998-12-19,2026-06-18T21:53:25.449803
PHASE 1A: BASELINE FORUMS,Bugzilla,API,Bug 2368: [patch] C++ comments in modules/libpref/src/prefapi.c,https://bugzilla.mozilla.org/show_bug.cgi?id=2368,,0,1999-01-14,2026-06-18T21:53:25.449809
PHASE 1A: BASELINE FORUMS,Bugzilla,API,Bug 3082: Switch to the new registry API nsIRegistry,https://bugzilla.mozilla.org/show_bug.cgi?id=3082,,0,1999-02-09,2026-06-18T21:53:25.449814
PHASE 1A: BASELINE FORUMS,Bugzilla,API,Bug 3167: Better Embedding APIs definition to replace.,https://bugzilla.mozilla.org/show_bug.cgi?id=3167,,0,1999-02-17,2026-06-18T21:53:25.449819
PHASE 1A: BASELINE FORUMS,Bugzilla,API,Bug 3434: Escaping in the prefs file,https://bugzilla.mozilla.org/show_bug.cgi?id=3434,,0,1999-03-05,2026-06-18T21:53:25.449825
PHASE 1A: BASELINE FORUMS,Bugzilla,API,Bug 3489: text-transform -- inline element text shouldn't be capitalized,https://bugzilla.mozilla.org/show_bug.cgi?id=3489,,0,1999-03-07,2026-06-18T21:53:25.449830
PHASE 1A: BASELINE FORUMS,Bugzilla,API,Bug 3982: apprunner crashes when attempt to browse JAVA 2 API docs...,https://bugzilla.mozilla.org/show_bug.cgi?id=3982,,0,1999-03-18,2026-06-18T21:53:25.449839
PHASE 1A: BASELINE FORUMS,Bugzilla,API,"Bug 4031: Mail msg with www.women.com attachment uses up resources rapidly when loadidng, doesn't load",https://bugzilla.mozilla.org/show_bug.cgi?id=4031,,0,1999-03-19,2026-06-18T21:53:25.449845
PHASE 1A: BASELINE FORUMS,Bugzilla,API,Bug 4094: {first-letter}{css1} first-letter color interfers with text-transform: capitalize,https://bugzilla.mozilla.org/show_bug.cgi?id=4094,,0,1999-03-20,2026-06-18T21:53:25.449850
PHASE 1A: BASELINE FORUMS,Bugzilla,API,"Bug 4579: ""&142;"" displays square instead of capital Z hacek",https://bugzilla.mozilla.org/show_bug.cgi?id=4579,,0,1999-04-06,2026-06-18T21:53:25.449855
PHASE 1A: BASELINE FORUMS,Bugzilla,API,Bug 4598: Can't place '#' in general entity value without escaping,https://bugzilla.mozilla.org/show_bug.cgi?id=4598,,0,1999-04-06,2026-06-18T21:53:25.449861
PHASE 1A: BASELINE FORUMS,Bugzilla,API,Bug 4826: [IME]Need Offset To Coordinate Mapping APIs,https://bugzilla.mozilla.org/show_bug.cgi?id=4826,,0,1999-04-09,2026-06-18T21:53:25.449866
PHASE 1A: BASELINE FORUMS,Bugzilla,API,Bug 4827: Need API for determining the global coordinate position of the insertion point,https://bugzilla.mozilla.org/show_bug.cgi?id=4827,,0,1999-04-09,2026-06-18T21:53:25.449871
PHASE 1A: BASELINE FORUMS,Bugzilla,API,Bug 4928: escaping causes blank lines,https://bugzilla.mozilla.org/show_bug.cgi?id=4928,,0,1999-04-10,2026-06-18T21:53:25.449877
PHASE 1A: BASELINE FORUMS,Bugzilla,API,"Bug 4935: Plug-in streaming API does not handle ""File Not found"" error properly",https://bugzilla.mozilla.org/show_bug.cgi?id=4935,,0,1999-04-10,2026-06-18T21:53:25.449882
PHASE 1A: BASELINE FORUMS,Bugzilla,API,Bug 5094: We need DOM reflection of Parser (paste) API...,https://bugzilla.mozilla.org/show_bug.cgi?id=5094,,0,1999-04-14,2026-06-18T21:53:25.449887
PHASE 1A: BASELINE FORUMS,Bugzilla,API,Bug 5133: libpref API should use nsFileSpec,https://bugzilla.mozilla.org/show_bug.cgi?id=5133,,0,1999-04-15,2026-06-18T21:53:25.449892
PHASE 1A: BASELINE FORUMS,Bugzilla,API,Bug 5588: Very slow in viewing JAVA 2 API docs...,https://bugzilla.mozilla.org/show_bug.cgi?id=5588,,0,1999-04-27,2026-06-18T21:53:25.449898
PHASE 1A: BASELINE FORUMS,Bugzilla,API,Bug 7255: Review new DOM APIs,https://bugzilla.mozilla.org/show_bug.cgi?id=7255,,0,1999-05-27,2026-06-18T21:53:25.449903
PHASE 1A: BASELINE FORUMS,Bugzilla,API,Bug 7399: Escaping illegal chars in URLs,https://bugzilla.mozilla.org/show_bug.cgi?id=7399,,0,1999-06-01,2026-06-18T21:53:25.449908
PHASE 1A: BASELINE FORUMS,Bugzilla,API,Bug 7719: need new API in converter lib for 64K bit array,https://bugzilla.mozilla.org/show_bug.cgi?id=7719,,0,1999-06-07,2026-06-18T21:53:25.449913
PHASE 1A: BASELINE FORUMS,Bugzilla,API,Bug 7798: spelling error in locale GetCatagory API,https://bugzilla.mozilla.org/show_bug.cgi?id=7798,,0,1999-06-08,2026-06-18T21:53:25.449919
PHASE 1A: BASELINE FORUMS,Bugzilla,API,Bug 8023: [META][LAYER] site bugs caused by Nav5 non-support for document.layers API,https://bugzilla.mozilla.org/show_bug.cgi?id=8023,,0,1999-06-11,2026-06-18T21:53:25.449924
PHASE 1A: BASELINE FORUMS,Bugzilla,API,Bug 8136: libjar standalone API needs #ifdef MAC entry point,https://bugzilla.mozilla.org/show_bug.cgi?id=8136,,0,1999-06-14,2026-06-18T21:53:25.449929
PHASE 1A: BASELINE FORUMS,Bugzilla,API,Bug 8141: Capitalize xpidl component to XPIDL in Bugzilla.,https://bugzilla.mozilla.org/show_bug.cgi?id=8141,,0,1999-06-15,2026-06-18T21:53:25.449935
PHASE 1A: BASELINE FORUMS,Bugzilla,API,Bug 8142: Capitalize xpidl component to XPIDL in Bugzilla.,https://bugzilla.mozilla.org/show_bug.cgi?id=8142,,0,1999-06-15,2026-06-18T21:53:25.449943
PHASE 1A: BASELINE FORUMS,Bugzilla,API,Bug 8306: [PP] Need to enable Editor API Logging on the Mac,https://bugzilla.mozilla.org/show_bug.cgi?id=8306,,0,1999-06-16,2026-06-18T21:53:25.449948
PHASE 1A: BASELINE FORUMS,Bugzilla,API,Bug 8309: Need to Flush() during Editor API Logging.,https://bugzilla.mozilla.org/show_bug.cgi?id=8309,,0,1999-06-16,2026-06-18T21:53:25.449954
PHASE 1A: BASELINE FORUMS,Bugzilla,API,Bug 8375: Editor API Log fails to set paragraph style.,https://bugzilla.mozilla.org/show_bug.cgi?id=8375,,0,1999-06-17,2026-06-18T21:53:25.449961
PHASE 1A: BASELINE FORUMS,Bugzilla,API,"Bug 8622: API: RegisterComponent should not have a ""replace"" parameter",https://bugzilla.mozilla.org/show_bug.cgi?id=8622,,0,1999-06-21,2026-06-18T21:53:25.449967
PHASE 1A: BASELINE FORUMS,Bugzilla,API,Bug 8623: API: UnregisterComponent shouldn't return nsresult,https://bugzilla.mozilla.org/show_bug.cgi?id=8623,,0,1999-06-21,2026-06-18T21:53:25.449973
PHASE 1A: BASELINE FORUMS,Bugzilla,API,Bug 8677: Editor API Logging busted,https://bugzilla.mozilla.org/show_bug.cgi?id=8677,,0,1999-06-22,2026-06-18T21:53:25.449980
PHASE 1A: BASELINE FORUMS,Bugzilla,API,Bug 8865: need API to convert UCS-2 HTML into a target encoding,https://bugzilla.mozilla.org/show_bug.cgi?id=8865,,0,1999-06-25,2026-06-18T21:53:25.449985
PHASE 1A: BASELINE FORUMS,Bugzilla,API,Bug 9107: Moving the scrollbar thumb rapidly causes error,https://bugzilla.mozilla.org/show_bug.cgi?id=9107,,0,1999-07-01,2026-06-18T21:53:25.449990
PHASE 1A: BASELINE FORUMS,Bugzilla,API,Bug 9135: [API] Couldn't use getAccountKey function in nsIMsgAccountManager from Javascript.,https://bugzilla.mozilla.org/show_bug.cgi?id=9135,,0,1999-07-01,2026-06-18T21:53:25.449996
PHASE 1A: BASELINE FORUMS,Bugzilla,API,Bug 9145: [API] Javascript returns null when accessing RootFolder,https://bugzilla.mozilla.org/show_bug.cgi?id=9145,,0,1999-07-01,2026-06-18T21:53:25.450001
PHASE 1A: BASELINE FORUMS,Bugzilla,API,Bug 9166: Need API to determine Screen chrome,https://bugzilla.mozilla.org/show_bug.cgi?id=9166,,0,1999-07-02,2026-06-18T21:53:25.450006
PHASE 1A: BASELINE FORUMS,Bugzilla,API,Bug 9173: [API] Crashes when displaying Account.identities for the third time.,https://bugzilla.mozilla.org/show_bug.cgi?id=9173,,0,1999-07-02,2026-06-18T21:53:25.450011
PHASE 1A: BASELINE FORUMS,Bugzilla,API,Bug 9574: [FEATURE] Transliteration API,https://bugzilla.mozilla.org/show_bug.cgi?id=9574,,0,1999-07-10,2026-06-18T21:53:25.450017
PHASE 1A: BASELINE FORUMS,Bugzilla,API,Bug 9624: sched: Embedding APIs,https://bugzilla.mozilla.org/show_bug.cgi?id=9624,,0,1999-07-12,2026-06-18T21:53:25.450022
PHASE 1A: BASELINE FORUMS,Bugzilla,API,Bug 9665: [feature] Cursor support: define xp api,https://bugzilla.mozilla.org/show_bug.cgi?id=9665,,0,1999-07-12,2026-06-18T21:53:25.450031
PHASE 1A: BASELINE FORUMS,Bugzilla,API,Bug 9682: sched: High-level API for downloadable chrome,https://bugzilla.mozilla.org/show_bug.cgi?id=9682,,0,1999-07-12,2026-06-18T21:53:25.450036
PHASE 1A: BASELINE FORUMS,Bugzilla,API,Bug 10182: semi private apis in nsISoftwareUpdate,https://bugzilla.mozilla.org/show_bug.cgi?id=10182,,0,1999-07-20,2026-06-18T21:53:25.450042
PHASE 1B: EXTENSION FORUMS,Bugzilla,global reference leak,Bug 285065: Firefox preferences window leaks global object due to radio.xml cycle,https://bugzilla.mozilla.org/show_bug.cgi?id=285065,,0,2005-03-07,2026-06-18T23:19:47.852663
PHASE 1B: EXTENSION FORUMS,Bugzilla,global reference leak,Bug 346381: Global reference to DOM node near event handler makes Firefox leak DOMWindows and documents,https://bugzilla.mozilla.org/show_bug.cgi?id=346381,,0,2006-07-29,2026-06-18T23:19:47.852713
PHASE 1B: EXTENSION FORUMS,Bugzilla,global reference leak,Bug 422269: Compile-time let block captures runtime references (was: Download Manager leaks nsGlobalWindow),https://bugzilla.mozilla.org/show_bug.cgi?id=422269,,0,2008-03-11,2026-06-18T23:19:47.852719
PHASE 1B: EXTENSION FORUMS,Bugzilla,global reference leak,"Bug 429085: Leak nsGlobalWindow with <xul:preferences>, cloneNode",https://bugzilla.mozilla.org/show_bug.cgi?id=429085,,0,2008-04-15,2026-06-18T23:19:47.852724
PHASE 1B: EXTENSION FORUMS,Bugzilla,global reference leak,Bug 1335460: ReleaseRunnable::MaybeReleaseOnMainThread leaks nsIGlobalObject references if run on the main thread,https://bugzilla.mozilla.org/show_bug.cgi?id=1335460,,0,2017-01-31,2026-06-18T23:19:47.852729
PHASE 1B: EXTENSION FORUMS,Bugzilla,UnsatisfiedLinkError,Bug 10506: JSObject.getWindow(this) UnsatisfiedLinkError in initClass,https://bugzilla.mozilla.org/show_bug.cgi?id=10506,,0,1999-07-26,2026-06-18T23:19:59.922624
PHASE 1B: EXTENSION FORUMS,Bugzilla,UnsatisfiedLinkError,Bug 99375: UnsatisfiedLinkError gives misleading description,https://bugzilla.mozilla.org/show_bug.cgi?id=99375,,0,2001-09-12,2026-06-18T23:19:59.922650
PHASE 1B: EXTENSION FORUMS,Bugzilla,UnsatisfiedLinkError,Bug 161266: java.lang.UnsatisfiedLinkError: getBrowserType in External Authering Interface (EAI),https://bugzilla.mozilla.org/show_bug.cgi?id=161266,,0,2002-08-06,2026-06-18T23:19:59.922655
PHASE 1B: EXTENSION FORUMS,Bugzilla,UnsatisfiedLinkError,"Bug 259525: Firefox crashes after about:plugins and ""java.lang.UnsatisfiedLinkError: getProxyConfigURL"" error.",https://bugzilla.mozilla.org/show_bug.cgi?id=259525,,0,2004-09-15,2026-06-18T23:19:59.922660
PHASE 1B: EXTENSION FORUMS,Bugzilla,UnsatisfiedLinkError,Bug 268570: java.lang.UnsatisfiedLinkError: getProxyConfigURL,https://bugzilla.mozilla.org/show_bug.cgi?id=268570,,0,2004-11-09,2026-06-18T23:19:59.922668
PHASE 1B: EXTENSION FORUMS,Bugzilla,UnsatisfiedLinkError,Bug 483827: JavaXPCOM UnsatisfiedLinkError XULRunner 1.9,https://bugzilla.mozilla.org/show_bug.cgi?id=483827,,0,2009-03-17,2026-06-18T23:19:59.922673
PHASE 1B: EXTENSION FORUMS,Bugzilla,UnsatisfiedLinkError,Bug 663454: [Java] UnsatisfiedLinkError in Runtime.loadLibrary(),https://bugzilla.mozilla.org/show_bug.cgi?id=663454,,0,2011-06-10,2026-06-18T23:19:59.922678
PHASE 1B: EXTENSION FORUMS,Bugzilla,UnsatisfiedLinkError,Bug 666123: [Java] UnsatisfiedLinkError in Runtime.availableProcessors(),https://bugzilla.mozilla.org/show_bug.cgi?id=666123,,0,2011-06-22,2026-06-18T23:19:59.922682
PHASE 1B: EXTENSION FORUMS,Bugzilla,UnsatisfiedLinkError,Bug 670651: [Java] UnsatisfiedLinkError in GeckoAppShell.callObserver(),https://bugzilla.mozilla.org/show_bug.cgi?id=670651,,0,2011-07-11,2026-06-18T23:19:59.922687
PHASE 1B: EXTENSION FORUMS,Bugzilla,UnsatisfiedLinkError,Bug 706946: FATAL EXCEPTION: main @ java.lang.UnsatisfiedLinkError: nativeIsOpenGLEnabled,https://bugzilla.mozilla.org/show_bug.cgi?id=706946,,0,2011-12-01,2026-06-18T23:19:59.922691
PHASE 1B: EXTENSION FORUMS,Bugzilla,UnsatisfiedLinkError,Bug 736568: java.lang.UnsatisfiedLinkError: nativeIsOpenGLEnabled at com.adobe.flashplayer.FlashPaintSurface.nativeIsOpenGLEnabled(Native Method),https://bugzilla.mozilla.org/show_bug.cgi?id=736568,,0,2012-03-16,2026-06-18T23:19:59.922696
PHASE 1B: EXTENSION FORUMS,Bugzilla,UnsatisfiedLinkError,Bug 749727: java.lang.UnsatisfiedLinkError: openDatabase when installing Aurora for the first time,https://bugzilla.mozilla.org/show_bug.cgi?id=749727,,0,2012-04-27,2026-06-18T23:19:59.922701
PHASE 1B: EXTENSION FORUMS,Bugzilla,UnsatisfiedLinkError,Bug 762909: java.lang.UnsatisfiedLinkError: nativeOrientationChanged at com.adobe.flashplayer.FlashPaintSurface.nativeOrientationChanged(Native Method),https://bugzilla.mozilla.org/show_bug.cgi?id=762909,,0,2012-06-08,2026-06-18T23:19:59.922705
PHASE 1B: EXTENSION FORUMS,Bugzilla,UnsatisfiedLinkError,Bug 786618: UnsatisfiedLinkError on PKCS11.C_GetOperationState while working with latest jre 1.7 update 6,https://bugzilla.mozilla.org/show_bug.cgi?id=786618,,0,2012-08-29,2026-06-18T23:19:59.922710
PHASE 1B: EXTENSION FORUMS,Bugzilla,UnsatisfiedLinkError,Bug 792428: [ARMv6] Unable to start Fennec - java.lang.UnsatisfiedLinkError: Couldn't load mozglue: findLibrary returned null,https://bugzilla.mozilla.org/show_bug.cgi?id=792428,,0,2012-09-19,2026-06-18T23:19:59.922714
PHASE 1B: EXTENSION FORUMS,Bugzilla,UnsatisfiedLinkError,Bug 814462: java.lang.UnsatisfiedLinkError: Cannot load library: alloc_mem_region[870]: OOPS: <n> cannot map library ''libicuuc-arabic.so''. no vspace available. at java.lang.Runtime.loadLibrary(Runtime.java),https://bugzilla.mozilla.org/show_bug.cgi?id=814462,,0,2012-11-22,2026-06-18T23:19:59.922719
PHASE 1B: EXTENSION FORUMS,Bugzilla,UnsatisfiedLinkError,"Bug 939376: Startup crash: java.lang.UnsatisfiedLinkError: Couldn't load mozglue from loader dalvik.system.PathClassLoader[dexPath=/data/app/org.mozilla.firefox-2.apk,libraryPath=/data/app-lib/org.mozilla.firefox-2]: findLibrary returned null",https://bugzilla.mozilla.org/show_bug.cgi?id=939376,,0,2013-11-16,2026-06-18T23:19:59.922723
PHASE 1B: EXTENSION FORUMS,Bugzilla,UnsatisfiedLinkError,Bug 956670: java.lang.UnsatisfiedLinkError (couldn't load mozglue) - Aurora crashes on start-up on the Samsung Galaxy Nexus,https://bugzilla.mozilla.org/show_bug.cgi?id=956670,,0,2014-01-06,2026-06-18T23:19:59.922728
PHASE 1B: EXTENSION FORUMS,Bugzilla,UnsatisfiedLinkError,"Bug 966154: (HTC One 4.4, CodefireX) - java.lang.UnsatisfiedLinkError: dlopen failed: cannot locate symbol ""__fork"" referenced by ""libmozglue.so""",https://bugzilla.mozilla.org/show_bug.cgi?id=966154,,0,2014-01-31,2026-06-18T23:19:59.922733
PHASE 1B: EXTENSION FORUMS,Bugzilla,UnsatisfiedLinkError,Bug 985826: java.lang.UnsatisfiedLinkError: Couldn't load mozglue from loader dalvik.system.PathClassLoader: findLibrary returned null,https://bugzilla.mozilla.org/show_bug.cgi?id=985826,,0,2014-03-20,2026-06-18T23:19:59.922737
PHASE 1B: EXTENSION FORUMS,Bugzilla,UnsatisfiedLinkError,Bug 989787: Firefox for Android version: 28.0.1 crashes at startup android version: 4.0.3 (java.lang.UnsatisfiedLinkError: Couldn't load mozglue: findLibrary returned null),https://bugzilla.mozilla.org/show_bug.cgi?id=989787,,0,2014-03-30,2026-06-18T23:19:59.922741
PHASE 1B: EXTENSION FORUMS,Bugzilla,UnsatisfiedLinkError,Bug 990130: Investigate UnsatisfiedLinkError caused on trying to load native libraries on some Android devices,https://bugzilla.mozilla.org/show_bug.cgi?id=990130,,0,2014-03-31,2026-06-18T23:19:59.922746
PHASE 1B: EXTENSION FORUMS,Bugzilla,UnsatisfiedLinkError,Bug 1001194: crash in java.lang.UnsatisfiedLinkError: Native method not found: org.mozilla.gecko.util.NativeJSObject.getString:(Ljava/lang/String;)Ljava/lang/String; at org.mozilla.gecko.util.NativeJSObject.getString(Native Method),https://bugzilla.mozilla.org/show_bug.cgi?id=1001194,,0,2014-04-24,2026-06-18T23:19:59.922751
PHASE 1B: EXTENSION FORUMS,Bugzilla,UnsatisfiedLinkError,"Bug 1030899: [Android L Preview] - Crash on startup - java.lang.UnsatisfiedLinkError: dlopen failed: cannot locate symbol ""issetugid"" referenced by ""libmozglue.so""...",https://bugzilla.mozilla.org/show_bug.cgi?id=1030899,,0,2014-06-26,2026-06-18T23:19:59.922755
PHASE 1B: EXTENSION FORUMS,Bugzilla,UnsatisfiedLinkError,Bug 1067374: crash in java.lang.UnsatisfiedLinkError: Native method not found: org.mozilla.gecko.GeckoAppShell.notifyGeckoObservers:(Ljava/lang/String;Ljava/lang/String;)V at org.mozilla.gecko.GeckoAppShell.notifyGeckoObservers(Native Method),https://bugzilla.mozilla.org/show_bug.cgi?id=1067374,,0,2014-09-15,2026-06-18T23:19:59.922760
PHASE 1B: EXTENSION FORUMS,Bugzilla,UnsatisfiedLinkError,Bug 1073540: crash in java.lang.UnsatisfiedLinkError: Native method not found: org.mozilla.gecko.util.NativeJSObject.optString:(Ljava/lang/String;Ljava/lang/String;)Ljava/lang/String; at org.mozilla.gecko.util.NativeJSObject.optString(Native Method),https://bugzilla.mozilla.org/show_bug.cgi?id=1073540,,0,2014-09-26,2026-06-18T23:19:59.922764
PHASE 1B: EXTENSION FORUMS,Bugzilla,UnsatisfiedLinkError,Bug 1091598: crash in java.lang.UnsatisfiedLinkError: Native method not found: org.mozilla.gecko.mozglue.GeckoLoader.putenv:(Ljava/lang/String;)V at org.mozilla.gecko.mozglue.GeckoLoader.putenv(Native Method),https://bugzilla.mozilla.org/show_bug.cgi?id=1091598,,0,2014-10-30,2026-06-18T23:19:59.922769
PHASE 1B: EXTENSION FORUMS,Bugzilla,UnsatisfiedLinkError,Bug 1166309: java.lang.UnsatisfiedLinkError: nativeAllocateDirectBuffer when using standalone GeckoView,https://bugzilla.mozilla.org/show_bug.cgi?id=1166309,,0,2015-05-19,2026-06-18T23:19:59.922777
PHASE 1B: EXTENSION FORUMS,Bugzilla,UnsatisfiedLinkError,Bug 1174725: crash in java.lang.UnsatisfiedLinkError: putenv at org.mozilla.gecko.mozglue.GeckoLoader.putenv(Native Method),https://bugzilla.mozilla.org/show_bug.cgi?id=1174725,,0,2015-06-15,2026-06-18T23:19:59.922782
PHASE 1B: EXTENSION FORUMS,Bugzilla,UnsatisfiedLinkError,Bug 1180712: crash in java.lang.UnsatisfiedLinkError: Couldn''t load mozglue: findLibrary returned null at java.lang.Runtime.loadLibrary(Runtime.java),https://bugzilla.mozilla.org/show_bug.cgi?id=1180712,,0,2015-07-06,2026-06-18T23:19:59.922786
PHASE 1B: EXTENSION FORUMS,Bugzilla,UnsatisfiedLinkError,Bug 1182461: crash in java.lang.UnsatisfiedLinkError: invalidateAndScheduleComposite at org.mozilla.gecko.GeckoAppShell.invalidateAndScheduleComposite(Native Method),https://bugzilla.mozilla.org/show_bug.cgi?id=1182461,,0,2015-07-10,2026-06-18T23:19:59.922791
PHASE 1B: EXTENSION FORUMS,Bugzilla,UnsatisfiedLinkError,Bug 1196299: crash in java.lang.UnsatisfiedLinkError: at java.lang.Runtime.loadLibrary(Runtime.java) mostly on Kindle Tablets,https://bugzilla.mozilla.org/show_bug.cgi?id=1196299,,0,2015-08-19,2026-06-18T23:19:59.922796
PHASE 1B: EXTENSION FORUMS,Bugzilla,UnsatisfiedLinkError,Bug 1235341: crash in java.lang.UnsatisfiedLinkError: at org.mozilla.gecko.gfx.GLController.syncInvalidateAndScheduleComposite(Native Method),https://bugzilla.mozilla.org/show_bug.cgi?id=1235341,,0,2015-12-28,2026-06-18T23:19:59.922800
PHASE 1B: EXTENSION FORUMS,Bugzilla,UnsatisfiedLinkError,Bug 1268125: crash in java.lang.UnsatisfiedLinkError: Native method not found: org.mozilla.gecko.PrefsHelper.getPrefsById:(I[Ljava/lang/String;Z)V at org.mozilla.gecko.PrefsHelper.getPrefsById(Native Method),https://bugzilla.mozilla.org/show_bug.cgi?id=1268125,,0,2016-04-27,2026-06-18T23:19:59.922805
PHASE 1B: EXTENSION FORUMS,Bugzilla,UnsatisfiedLinkError,Bug 1349581: Crash in java.lang.UnsatisfiedLinkError: at org.webrtc.voiceengine.WebRtcAudioRecord.nativeDataIsRecorded(Native Method),https://bugzilla.mozilla.org/show_bug.cgi?id=1349581,,0,2017-03-22,2026-06-18T23:19:59.922810
PHASE 1B: EXTENSION FORUMS,Bugzilla,UnsatisfiedLinkError,"Bug 1366339: Crash in java.lang.UnsatisfiedLinkError: dlopen failed: library ""/data/data/org.mozilla.firefox/lib/libmozglue.so"" not found at java.lang.Runtime.load0(Runtime.java)",https://bugzilla.mozilla.org/show_bug.cgi?id=1366339,,0,2017-05-19,2026-06-18T23:19:59.922814
PHASE 1B: EXTENSION FORUMS,Bugzilla,UnsatisfiedLinkError,Bug 1370915: Crash in java.lang.UnsatisfiedLinkError: at java.lang.Runtime.loadLibrary(Runtime.java),https://bugzilla.mozilla.org/show_bug.cgi?id=1370915,,0,2017-06-07,2026-06-18T23:19:59.922819
PHASE 1B: EXTENSION FORUMS,Bugzilla,UnsatisfiedLinkError,Bug 1425553: Crash in java.lang.UnsatisfiedLinkError: at org.mozilla.gecko.GeckoEditableChild.onKeyEvent(Native Method),https://bugzilla.mozilla.org/show_bug.cgi?id=1425553,,0,2017-12-15,2026-06-18T23:19:59.922823
PHASE 1B: EXTENSION FORUMS,Bugzilla,UnsatisfiedLinkError,Bug 1426990: Intermittent autophone-s1s2geckoview | java.lang.UnsatisfiedLinkError: No implementation found for void org.mozilla.gecko.GeckoThread.forceQuit() (tried Java_org_mozilla_gecko_GeckoThread_forceQuit and Java_org_mozilla_gecko_GeckoThread_forceQuit,https://bugzilla.mozilla.org/show_bug.cgi?id=1426990,,0,2017-12-24,2026-06-18T23:19:59.922828
PHASE 1B: EXTENSION FORUMS,Bugzilla,UnsatisfiedLinkError,Bug 1432862: Crash in java.lang.UnsatisfiedLinkError: at org.mozilla.gecko.PresentationMediaPlayerManager.addPresentationSurface(Native Method),https://bugzilla.mozilla.org/show_bug.cgi?id=1432862,,0,2018-01-24,2026-06-18T23:19:59.922832
PHASE 1B: EXTENSION FORUMS,Bugzilla,UnsatisfiedLinkError,Bug 1455744: Crash in java.lang.UnsatisfiedLinkError: Native method not found: android.media.AudioSystem.getOutputLatency:(I)I at android.media.AudioSystem.getOutputLatency(Native Method),https://bugzilla.mozilla.org/show_bug.cgi?id=1455744,,0,2018-04-20,2026-06-18T23:19:59.922837
PHASE 1B: EXTENSION FORUMS,Bugzilla,UnsatisfiedLinkError,Bug 1471692: java.lang.UnsatisfiedLinkError: at org.mozilla.gecko.GeckoEditableChild.onKeyEvent(Native Method),https://bugzilla.mozilla.org/show_bug.cgi?id=1471692,,0,2018-06-27,2026-06-18T23:19:59.922842
PHASE 1B: EXTENSION FORUMS,Bugzilla,UnsatisfiedLinkError,"Bug 1493607: Crash in java.lang.UnsatisfiedLinkError: dlopen failed: library ""/data/data/org.mozilla.fennec_aurora/lib/libmozglue.so"" not found at java.lang.Runtime.load0(Runtime.java)",https://bugzilla.mozilla.org/show_bug.cgi?id=1493607,,0,2018-09-24,2026-06-18T23:19:59.922846
PHASE 1B: EXTENSION FORUMS,Bugzilla,UnsatisfiedLinkError,Bug 1513242: Crash in java.lang.UnsatisfiedLinkError: at org.mozilla.gecko.GeckoSystemStateListener.onDeviceChanged(Native Method),https://bugzilla.mozilla.org/show_bug.cgi?id=1513242,,0,2018-12-11,2026-06-18T23:19:59.922851
PHASE 1B: EXTENSION FORUMS,Bugzilla,UnsatisfiedLinkError,Bug 1607809: java.lang.UnsatisfiedLinkError: Error looking up function 'glean_is_first_run',https://bugzilla.mozilla.org/show_bug.cgi?id=1607809,,0,2020-01-08,2026-06-18T23:19:59.922866
PHASE 1B: EXTENSION FORUMS,Bugzilla,UnsatisfiedLinkError,Bug 1619778: UnsatisfiedLinkError: No implementation found for org.mozilla.geckoview.Base64Utils.encode(byte[]),https://bugzilla.mozilla.org/show_bug.cgi?id=1619778,,0,2020-03-03,2026-06-18T23:19:59.922871
PHASE 1B: EXTENSION FORUMS,Bugzilla,UnsatisfiedLinkError,Bug 1791842: Android crash in [@ java.lang.UnsatisfiedLinkError: at com.sun.jna.Native.loadNativeDispatchLibraryFromClasspath],https://bugzilla.mozilla.org/show_bug.cgi?id=1791842,,0,2022-09-21,2026-06-18T23:19:59.922875
PHASE 1B: EXTENSION FORUMS,Bugzilla,UnsatisfiedLinkError,Bug 1792799: Crash in [@ java.lang.UnsatisfiedLinkError: at com.sun.jna.NativeLibrary.loadLibrary],https://bugzilla.mozilla.org/show_bug.cgi?id=1792799,,0,2022-09-29,2026-06-18T23:19:59.922880
PHASE 1B: EXTENSION FORUMS,Bugzilla,UnsatisfiedLinkError,Bug 1807232: Crash: Java.lang.UnsatisfiedLinkError: No implementation found for boolean org.mozilla.gecko.SurfaceViewWrapper.isSurfaceAbandoned,https://bugzilla.mozilla.org/show_bug.cgi?id=1807232,,0,2022-12-23,2026-06-18T23:19:59.922884
PHASE 1B: EXTENSION FORUMS,Bugzilla,UnsatisfiedLinkError,Bug 1821587: Crash in [@ java.lang.UnsatisfiedLinkError: at com.sun.jna.Native.loadNativeDispatchLibraryFromClasspath(Native.java)],https://bugzilla.mozilla.org/show_bug.cgi?id=1821587,,0,2023-03-10,2026-06-18T23:19:59.922889
PHASE 1B: EXTENSION FORUMS,Bugzilla,SIGSEGV java,"Bug 458244: FF 3.0.3 sigsegv in js_GetGCThingTraceKind during Javascript GC (incl stack with dbgsyms, ubuntu pre-8.10)",https://bugzilla.mozilla.org/show_bug.cgi?id=458244,,0,2008-10-02,2026-06-18T23:20:02.698382
PHASE 1B: EXTENSION FORUMS,Bugzilla,SIGSEGV java,Bug 716232: SIGSEGV (segmentation violation) crash in Javascript at ChatZilla startup,https://bugzilla.mozilla.org/show_bug.cgi?id=716232,,0,2012-01-07,2026-06-18T23:20:02.698407
PHASE 1B: EXTENSION FORUMS,Bugzilla,SIGSEGV java,"Bug 869967: SIGSEGV, maybe involves Javascript",https://bugzilla.mozilla.org/show_bug.cgi?id=869967,,0,2013-05-08,2026-06-18T23:20:02.698413
PHASE 1B: EXTENSION FORUMS,Bugzilla,JVM crash,"Bug 41779: When Navigation/loadURL(urlString) is invoked with urlString==null, then JVM crashes",https://bugzilla.mozilla.org/show_bug.cgi?id=41779,,0,2000-06-07,2026-06-18T23:20:06.682265
PHASE 1B: EXTENSION FORUMS,Bugzilla,JVM crash,"Bug 41780: When CurrentPage/findInPage(stringToFind, forward, matchCase) is invoked with stringToFind==null, then JVM crashes",https://bugzilla.mozilla.org/show_bug.cgi?id=41780,,0,2000-06-07,2026-06-18T23:20:06.682304
PHASE 1B: EXTENSION FORUMS,Bugzilla,JVM crash,"Bug 44774: When CurrentPage/selectAll() is invoked and no URL is loaded, then JVM crashes",https://bugzilla.mozilla.org/show_bug.cgi?id=44774,,0,2000-07-07,2026-06-18T23:20:06.682315
PHASE 1B: EXTENSION FORUMS,Bugzilla,JVM crash,"Bug 44775: When copyCurrentSelectionToSystemClipboard() method is invoked and no URL is loaded, then JVM crashes",https://bugzilla.mozilla.org/show_bug.cgi?id=44775,,0,2000-07-07,2026-06-18T23:20:06.682325
PHASE 1B: EXTENSION FORUMS,Bugzilla,JVM crash,Bug 56560: browser crashes when loading jvm,https://bugzilla.mozilla.org/show_bug.cgi?id=56560,,0,2000-10-13,2026-06-18T23:20:06.682335
PHASE 1B: EXTENSION FORUMS,Bugzilla,JVM crash,Bug 90571: LiveConnect bugs - Trunk M1RC3 crash  [@ JVM.DLL | jvm.dll - nsHTMLExternalObjSH::PostCreate],https://bugzilla.mozilla.org/show_bug.cgi?id=90571,,0,2001-07-12,2026-06-18T23:20:06.682345
PHASE 1B: EXTENSION FORUMS,Bugzilla,JVM crash,Bug 108601: N621 M098 crash [@ JVM.DLL | jvm.dll - nsHTMLExternalObjSH::PostCreate],https://bugzilla.mozilla.org/show_bug.cgi?id=108601,,0,2001-11-06,2026-06-18T23:20:06.682355
PHASE 1B: EXTENSION FORUMS,Bugzilla,JVM crash,Bug 112434: JVM plugin crashes Mozilla when loading java applet.,https://bugzilla.mozilla.org/show_bug.cgi?id=112434,,0,2001-11-28,2026-06-18T23:20:06.682365
PHASE 1B: EXTENSION FORUMS,Bugzilla,JVM crash,Bug 118343: repeatable crash in jvm.dll using (... rv:0.9.4) Gecko/20020102,https://bugzilla.mozilla.org/show_bug.cgi?id=118343,,0,2002-01-05,2026-06-18T23:20:06.682375
PHASE 1B: EXTENSION FORUMS,Bugzilla,JVM crash,Bug 154699: Mozilla crashes when launching Java applets in Jaguar [@ JVM_RegisterSignal],https://bugzilla.mozilla.org/show_bug.cgi?id=154699,,0,2002-06-27,2026-06-18T23:20:06.682385
PHASE 1B: EXTENSION FORUMS,Bugzilla,JVM crash,Bug 159610: Java crash [@JVM_GetSystemPackage] on applet creation if the application pathname contains a '/',https://bugzilla.mozilla.org/show_bug.cgi?id=159610,,0,2002-07-26,2026-06-18T23:20:06.682401
PHASE 1B: EXTENSION FORUMS,Bugzilla,JVM crash,Bug 159736: Multiple crashes  with jvm  trace enabled. [@ 0x00000017][@  enter_js_from_java_impl],https://bugzilla.mozilla.org/show_bug.cgi?id=159736,,0,2002-07-27,2026-06-18T23:20:06.682411
PHASE 1B: EXTENSION FORUMS,Bugzilla,JVM crash,"Bug 160995: Page fails to load, browser crashes [@JVM_NewInstance]",https://bugzilla.mozilla.org/show_bug.cgi?id=160995,,0,2002-08-04,2026-06-18T23:20:06.682421
PHASE 1B: EXTENSION FORUMS,Bugzilla,JVM crash,Bug 171847: Crashed starting JVM?,https://bugzilla.mozilla.org/show_bug.cgi?id=171847,,0,2002-10-01,2026-06-18T23:20:06.682431
PHASE 1B: EXTENSION FORUMS,Bugzilla,JVM crash,Bug 183974: mozilla crashes after trying to leave/unload the applet on this page [@ JVM_NewInstance ],https://bugzilla.mozilla.org/show_bug.cgi?id=183974,,0,2002-12-06,2026-06-18T23:20:06.682441
PHASE 1B: EXTENSION FORUMS,Bugzilla,JVM crash,Bug 204254: Trunk crash [@ jvm.dll - nsHTMLExternalObjSH::PostCreate] [@ enter_js_from_java_impl],https://bugzilla.mozilla.org/show_bug.cgi?id=204254,,0,2003-05-02,2026-06-18T23:20:06.682451
PHASE 1B: EXTENSION FORUMS,Bugzilla,JVM crash,Bug 205521: JVM crash some time after abort first applet [@ typeinfo name for std::bad_exception],https://bugzilla.mozilla.org/show_bug.cgi?id=205521,,0,2003-05-13,2026-06-18T23:20:06.682461
PHASE 1B: EXTENSION FORUMS,Bugzilla,JVM crash,Bug 206738: crash in JVM.DLL,https://bugzilla.mozilla.org/show_bug.cgi?id=206738,,0,2003-05-22,2026-06-18T23:20:06.682471
PHASE 1B: EXTENSION FORUMS,Bugzilla,JVM crash,Bug 213842: Crash when leaving page with applet [@ jvm.dll ],https://bugzilla.mozilla.org/show_bug.cgi?id=213842,,0,2003-07-25,2026-06-18T23:20:06.682481
PHASE 1B: EXTENSION FORUMS,Bugzilla,JVM crash,Bug 215865: crash when i visit sites that seem to need the JVM,https://bugzilla.mozilla.org/show_bug.cgi?id=215865,,0,2003-08-11,2026-06-18T23:20:06.682491
PHASE 1B: EXTENSION FORUMS,Bugzilla,JVM crash,Bug 216549: JVM  Crash?,https://bugzilla.mozilla.org/show_bug.cgi?id=216549,,0,2003-08-18,2026-06-18T23:20:06.682501
PHASE 1B: EXTENSION FORUMS,Bugzilla,JVM crash,Bug 223600: crash (internal error with JVM manager) opening messages with certain viewable attachments when Java plugin enabled,https://bugzilla.mozilla.org/show_bug.cgi?id=223600,,0,2003-10-24,2026-06-18T23:20:06.682511
PHASE 1B: EXTENSION FORUMS,Bugzilla,JVM crash,Bug 224566: JVM crashes after a while when server accepting SSL connections,https://bugzilla.mozilla.org/show_bug.cgi?id=224566,,0,2003-11-03,2026-06-18T23:20:06.682520
PHASE 1B: EXTENSION FORUMS,Bugzilla,JVM crash,Bug 227570: Fatal crash when launching nightly build:  JavaVM FATAL: Failed to load the jvm library. Exit,https://bugzilla.mozilla.org/show_bug.cgi?id=227570,,0,2003-12-05,2026-06-18T23:20:06.682530
PHASE 1B: EXTENSION FORUMS,Bugzilla,JVM crash,Bug 228498: Crash with Sun JVM 1.4.2_03,https://bugzilla.mozilla.org/show_bug.cgi?id=228498,,0,2003-12-14,2026-06-18T23:20:06.682540
PHASE 1B: EXTENSION FORUMS,Bugzilla,JVM crash,Bug 249687: Scroll wheel crashes Application with Applet [@ jvm.dll - ProxyJNIEnv::GetStaticField ],https://bugzilla.mozilla.org/show_bug.cgi?id=249687,,0,2004-07-03,2026-06-18T23:20:06.682550
PHASE 1B: EXTENSION FORUMS,Bugzilla,JVM crash,Bug 254579: FF10 M17x crashes if Java window closed [@ jvm.dll - nsHTMLAppletElementSH::GetPluginJSObject] [@ CoreFoundation.299.33.0],https://bugzilla.mozilla.org/show_bug.cgi?id=254579,,0,2004-08-06,2026-06-18T23:20:06.682560
PHASE 1B: EXTENSION FORUMS,Bugzilla,JVM crash,Bug 259473: tb try to open jvm and crash when I enigmail (0.86.0) decrypt large message,https://bugzilla.mozilla.org/show_bug.cgi?id=259473,,0,2004-09-15,2026-06-18T23:20:06.682570
PHASE 1B: EXTENSION FORUMS,Bugzilla,JVM crash,"Bug 259597: Crash if JVM plugin used and accessed file has a ""."" in its name.",https://bugzilla.mozilla.org/show_bug.cgi?id=259597,,0,2004-09-15,2026-06-18T23:20:06.682580
PHASE 1B: EXTENSION FORUMS,Bugzilla,JVM crash,Bug 266375: Crash on restart of Firefox 1.0 RC1 after updating from Firefox 0.10.1 - FF10RC1 [@ msvcrt.dll | jpins7.dll | jpioji.dll - nsJVMManager::StartupJVM] [@ MSVCRT.DLL - nsPluginHostImpl::GetPluginFactory],https://bugzilla.mozilla.org/show_bug.cgi?id=266375,,0,2004-10-28,2026-06-18T23:20:06.682590
PHASE 1B: EXTENSION FORUMS,Bugzilla,JVM crash,Bug 266524: FF10RC1 crash running update [@ msvcrt.dll | jpins7.dll - nsJVMManager::StartupJVM],https://bugzilla.mozilla.org/show_bug.cgi?id=266524,,0,2004-10-28,2026-06-18T23:20:06.682604
PHASE 1B: EXTENSION FORUMS,Bugzilla,JVM crash,Bug 285881: [@ jvm.dll] crash after submitting chat request when new window opens containing java applet,https://bugzilla.mozilla.org/show_bug.cgi?id=285881,,0,2005-03-12,2026-06-18T23:20:06.682615
PHASE 1B: EXTENSION FORUMS,Bugzilla,JVM crash,Bug 320980: JSS crashes JVM on heavy socket load,https://bugzilla.mozilla.org/show_bug.cgi?id=320980,,0,2005-12-20,2026-06-18T23:20:06.682624
PHASE 1B: EXTENSION FORUMS,Bugzilla,JVM crash,Bug 330005: Crash on log in with JVM at cyberbanking site,https://bugzilla.mozilla.org/show_bug.cgi?id=330005,,0,2006-03-10,2026-06-18T23:20:06.682633
PHASE 1B: EXTENSION FORUMS,Bugzilla,JVM crash,Bug 340491: JavaXPCOM JVM Crash evaluating XPath expression,https://bugzilla.mozilla.org/show_bug.cgi?id=340491,,0,2006-06-06,2026-06-18T23:20:06.682643
PHASE 1B: EXTENSION FORUMS,Bugzilla,JVM crash,Bug 344663: Firefox freezes and eventually crashes with java applet and jre 1.3.1_01 [@ jvm.dll + 0x476d1] [@ nsHTMLExternalObjSH::PostCreate],https://bugzilla.mozilla.org/show_bug.cgi?id=344663,,0,2006-07-14,2026-06-18T23:20:06.682653
PHASE 1B: EXTENSION FORUMS,Bugzilla,JVM crash,Bug 348020: JVM crashes on Mozilla.termEmbedding() invocation,https://bugzilla.mozilla.org/show_bug.cgi?id=348020,,0,2006-08-09,2026-06-18T23:20:06.682662
PHASE 1B: EXTENSION FORUMS,Bugzilla,JVM crash,Bug 358885: jvm crashes,https://bugzilla.mozilla.org/show_bug.cgi?id=358885,,0,2006-10-31,2026-06-18T23:20:06.682672
PHASE 1B: EXTENSION FORUMS,Bugzilla,JVM crash,Bug 366617: Crash when running JavaXPCOM in IBM JVM,https://bugzilla.mozilla.org/show_bug.cgi?id=366617,,0,2007-01-10,2026-06-18T23:20:06.682683
PHASE 1B: EXTENSION FORUMS,Bugzilla,JVM crash,Bug 408273: JVM Causes Crash When Visiting Website,https://bugzilla.mozilla.org/show_bug.cgi?id=408273,,0,2007-12-13,2026-06-18T23:20:06.682693
PHASE 1B: EXTENSION FORUMS,Bugzilla,JVM crash,"Bug 425055: If I register a custom nsIDNSService implementation via nsIComponentRegistrar, then jvm crashes when trying to resolve a url.",https://bugzilla.mozilla.org/show_bug.cgi?id=425055,,0,2008-03-25,2026-06-18T23:20:06.682702
PHASE 1B: EXTENSION FORUMS,Bugzilla,JVM crash,Bug 439817: Firefox crashes while playing games with java (pogo.com) [@ jvm.dll@0xd176a],https://bugzilla.mozilla.org/show_bug.cgi?id=439817,,0,2008-06-18,2026-06-18T23:20:06.682712
PHASE 1B: EXTENSION FORUMS,Bugzilla,JVM crash,Bug 444162: Long Google URL crashes FF3 [@ JVM_StartupJVM],https://bugzilla.mozilla.org/show_bug.cgi?id=444162,,0,2008-07-08,2026-06-18T23:20:06.682722
PHASE 1B: EXTENSION FORUMS,Bugzilla,JVM crash,Bug 445534: The JVM crashed when trying to use https resource that uses not valid SSL certificate,https://bugzilla.mozilla.org/show_bug.cgi?id=445534,,0,2008-07-16,2026-06-18T23:20:06.682732
PHASE 1B: EXTENSION FORUMS,Bugzilla,JVM crash,Bug 466236: JVM Crashes while calling wrapXPCOMObject,https://bugzilla.mozilla.org/show_bug.cgi?id=466236,,0,2008-11-21,2026-06-18T23:20:06.682742
PHASE 1B: EXTENSION FORUMS,Bugzilla,JVM crash,Bug 507125: Crash When open pages with plugin Oracle JInitiator [@ jvm.dll@0xbc228],https://bugzilla.mozilla.org/show_bug.cgi?id=507125,,0,2009-07-29,2026-06-18T23:20:06.682752
PHASE 1B: EXTENSION FORUMS,Bugzilla,JVM crash,Bug 508255: Crash When open pages with plugin Oracle JInitiator [@ jvm.dll@0xbc228],https://bugzilla.mozilla.org/show_bug.cgi?id=508255,,0,2009-08-04,2026-06-18T23:20:06.682762
PHASE 1B: EXTENSION FORUMS,Bugzilla,JVM crash,Bug 525731: SWT and xulrunner cause jvm crash.,https://bugzilla.mozilla.org/show_bug.cgi?id=525731,,0,2009-11-01,2026-06-18T23:20:06.682772
PHASE 1B: EXTENSION FORUMS,Bugzilla,JVM crash,Bug 526916: Crash in [@JVM_InitializeSocketLibrary ] loading any Java applet,https://bugzilla.mozilla.org/show_bug.cgi?id=526916,,0,2009-11-06,2026-06-18T23:20:06.682782
PHASE 1B: EXTENSION FORUMS,Bugzilla,JVM crash,Bug 532981: [10.6] Crash [@ JVM_Lseek  ] triggered by bad interaction between JEP and Silverlight -- Apple and Microsoft bugs,https://bugzilla.mozilla.org/show_bug.cgi?id=532981,,0,2009-12-04,2026-06-18T23:20:06.682797
PHASE 1B: EXTENSION FORUMS,Bugzilla,java.library.path,"Bug 654939: Firefox 4 bad initialize on Mac OSX 10.6.7 This cause wrong java.library.path, user.dir and @executable_path for Java libraries (NSS/JSS)",https://bugzilla.mozilla.org/show_bug.cgi?id=654939,,0,2011-05-05,2026-06-18T23:20:29.210710
PHASE 1B: EXTENSION FORUMS,Bugzilla,AttachCurrentThread,Bug 88176: there is no DetachCurrentThread  for AttachCurrentThread calls,https://bugzilla.mozilla.org/show_bug.cgi?id=88176,,0,2001-06-28,2026-06-18T23:20:48.921559
PHASE 1B: EXTENSION FORUMS,Bugzilla,AttachCurrentThread,Bug 98685: The first param of AttachCurrentThread needs to be void.,https://bugzilla.mozilla.org/show_bug.cgi?id=98685,,0,2001-09-07,2026-06-18T23:20:48.921590
PHASE 1B: EXTENSION FORUMS,Bugzilla,AttachCurrentThread,Bug 107309: JSJ_AttachCurrentThreadToJava doesn't return JNIEnv in all cases,https://bugzilla.mozilla.org/show_bug.cgi?id=107309,,0,2001-10-29,2026-06-18T23:20:48.921597
PHASE 1B: EXTENSION FORUMS,Bugzilla,AttachCurrentThread,Bug 1891726: Thread names are overridden by JavaVM::AttachCurrentThread,https://bugzilla.mozilla.org/show_bug.cgi?id=1891726,,0,2024-04-16,2026-06-18T23:20:48.921608
